TIP_105;USO1;TIPOLOG1;TIPOLOG2;CATEGORIA;CATEGOR2;COEF
0111;RESIDENCIAL;PLURIFAMILIAR;EDIFICACIÓN ABIERTA;4;7;1.05
0111A;RESIDENCIAL;PLURIFAMILIAR;EDIFICACIÓN ABIERTA;1;1;2.475
0111B;RESIDENCIAL;PLURIFAMILIAR;EDIFICACIÓN ABIERTA;1;2;2.145
0111C;RESIDENCIAL;PLURIFAMILIAR;EDIFICACIÓN ABIERTA;1;3;1.8975
01111;RESIDENCIAL;PLURIFAMILIAR;EDIFICACIÓN ABIERTA;1;4;1.65
01112;RESIDENCIAL;PLURIFAMILIAR;EDIFICACIÓN ABIERTA;2;5;1.4
01113;RESIDENCIAL;PLURIFAMILIAR;EDIFICACIÓN ABIERTA;3;6;1.2
01114;RESIDENCIAL;PLURIFAMILIAR;EDIFICACIÓN ABIERTA;4;7;1.05
01115;RESIDENCIAL;PLURIFAMILIAR;EDIFICACIÓN ABIERTA;5;8;0.95
01116;RESIDENCIAL;PLURIFAMILIAR;EDIFICACIÓN ABIERTA;6;9;0.85
01117;RESIDENCIAL;PLURIFAMILIAR;EDIFICACIÓN ABIERTA;7;10;0.75
01118;RESIDENCIAL;PLURIFAMILIAR;EDIFICACIÓN ABIERTA;8;11;0.65
01119;RESIDENCIAL;PLURIFAMILIAR;EDIFICACIÓN ABIERTA;9;12;0.55
0112;RESIDENCIAL;PLURIFAMILIAR;EN MANZANA CERRADA;4;7;1
0112A;RESIDENCIAL;PLURIFAMILIAR;EN MANZANA CERRADA;1;1;2.4
0112B;RESIDENCIAL;PLURIFAMILIAR;EN MANZANA CERRADA;1;2;2.08
0112C;RESIDENCIAL;PLURIFAMILIAR;EN MANZANA CERRADA;1;3;1.84
01121;RESIDENCIAL;PLURIFAMILIAR;EN MANZANA CERRADA;1;4;1.6
01122;RESIDENCIAL;PLURIFAMILIAR;EN MANZANA CERRADA;2;5;1.35
01123;RESIDENCIAL;PLURIFAMILIAR;EN MANZANA CERRADA;3;6;1.15
01124;RESIDENCIAL;PLURIFAMILIAR;EN MANZANA CERRADA;4;7;1
01125;RESIDENCIAL;PLURIFAMILIAR;EN MANZANA CERRADA;5;8;0.9
01126;RESIDENCIAL;PLURIFAMILIAR;EN MANZANA CERRADA;6;9;0.8
01127;RESIDENCIAL;PLURIFAMILIAR;EN MANZANA CERRADA;7;10;0.7
01128;RESIDENCIAL;PLURIFAMILIAR;EN MANZANA CERRADA;8;11;0.6
01129;RESIDENCIAL;PLURIFAMILIAR;EN MANZANA CERRADA;9;12;0.5
0113;RESIDENCIAL;PLURIFAMILIAR;GARAJE TRASTERO LOCAL EN ESTRUCTURA;4;7;0.53
0113A;RESIDENCIAL;PLURIFAMILIAR;GARAJE TRASTERO LOCAL EN ESTRUCTURA;1;1;1.2
0113B;RESIDENCIAL;PLURIFAMILIAR;GARAJE TRASTERO LOCAL EN ESTRUCTURA;1;2;1.04
0113C;RESIDENCIAL;PLURIFAMILIAR;GARAJE TRASTERO LOCAL EN ESTRUCTURA;1;3;0.92
01131;RESIDENCIAL;PLURIFAMILIAR;GARAJE TRASTERO LOCAL EN ESTRUCTURA;1;4;0.8
01132;RESIDENCIAL;PLURIFAMILIAR;GARAJE TRASTERO LOCAL EN ESTRUCTURA;2;5;0.7
01133;RESIDENCIAL;PLURIFAMILIAR;GARAJE TRASTERO LOCAL EN ESTRUCTURA;3;6;0.62
01134;RESIDENCIAL;PLURIFAMILIAR;GARAJE TRASTERO LOCAL EN ESTRUCTURA;4;7;0.53
01135;RESIDENCIAL;PLURIFAMILIAR;GARAJE TRASTERO LOCAL EN ESTRUCTURA;5;8;0.46
01136;RESIDENCIAL;PLURIFAMILIAR;GARAJE TRASTERO LOCAL EN ESTRUCTURA;6;9;0.4
01137;RESIDENCIAL;PLURIFAMILIAR;GARAJE TRASTERO LOCAL EN ESTRUCTURA;7;10;0.3
01138;RESIDENCIAL;PLURIFAMILIAR;GARAJE TRASTERO LOCAL EN ESTRUCTURA;8;11;0.26
01139;RESIDENCIAL;PLURIFAMILIAR;GARAJE TRASTERO LOCAL EN ESTRUCTURA;9;12;0.2
0121;RESIDENCIAL;UNIFAMILIAR;AISLADA O PAREADA;4;7;1.25
0121A;RESIDENCIAL;UNIFAMILIAR;AISLADA O PAREADA;1;1;3.225
0121B;RESIDENCIAL;UNIFAMILIAR;AISLADA O PAREADA;1;2;2.795
0121C;RESIDENCIAL;UNIFAMILIAR;AISLADA O PAREADA;1;3;2.4725
01211;RESIDENCIAL;UNIFAMILIAR;AISLADA O PAREADA;1;4;2.15
01212;RESIDENCIAL;UNIFAMILIAR;AISLADA O PAREADA;2;5;1.8
01213;RESIDENCIAL;UNIFAMILIAR;AISLADA O PAREADA;3;6;1.45
01214;RESIDENCIAL;UNIFAMILIAR;AISLADA O PAREADA;4;7;1.25
01215;RESIDENCIAL;UNIFAMILIAR;AISLADA O PAREADA;5;8;1.1
01216;RESIDENCIAL;UNIFAMILIAR;AISLADA O PAREADA;6;9;1
01217;RESIDENCIAL;UNIFAMILIAR;AISLADA O PAREADA;7;10;0.9
01218;RESIDENCIAL;UNIFAMILIAR;AISLADA O PAREADA;8;11;0.8
01219;RESIDENCIAL;UNIFAMILIAR;AISLADA O PAREADA;9;12;0.7
0122;RESIDENCIAL;UNIFAMILIAR;EN LÍNEA O MANZANA CERRADA;4;7;1.15
0122A;RESIDENCIAL;UNIFAMILIAR;EN LÍNEA O MANZANA CERRADA;1;1;3
0122B;RESIDENCIAL;UNIFAMILIAR;EN LÍNEA O MANZANA CERRADA;1;2;2.6
0122C;RESIDENCIAL;UNIFAMILIAR;EN LÍNEA O MANZANA CERRADA;1;3;2.3
01221;RESIDENCIAL;UNIFAMILIAR;EN LÍNEA O MANZANA CERRADA;1;4;2
01222;RESIDENCIAL;UNIFAMILIAR;EN LÍNEA O MANZANA CERRADA;2;5;1.65
01223;RESIDENCIAL;UNIFAMILIAR;EN LÍNEA O MANZANA CERRADA;3;6;1.35
01224;RESIDENCIAL;UNIFAMILIAR;EN LÍNEA O MANZANA CERRADA;4;7;1.15
01225;RESIDENCIAL;UNIFAMILIAR;EN LÍNEA O MANZANA CERRADA;5;8;1.05
01226;RESIDENCIAL;UNIFAMILIAR;EN LÍNEA O MANZANA CERRADA;6;9;0.95
01227;RESIDENCIAL;UNIFAMILIAR;EN LÍNEA O MANZANA CERRADA;7;10;0.85
01228;RESIDENCIAL;UNIFAMILIAR;EN LÍNEA O MANZANA CERRADA;8;11;0.75
01229;RESIDENCIAL;UNIFAMILIAR;EN LÍNEA O MANZANA CERRADA;9;12;0.65
0123;RESIDENCIAL;UNIFAMILIAR;GARAJES PORCHES (PB);4;7;0.65
0123A;RESIDENCIAL;UNIFAMILIAR;GARAJES PORCHES (PB);1;1;1.35
0123B;RESIDENCIAL;UNIFAMILIAR;GARAJES PORCHES (PB);1;2;1.17
0123C;RESIDENCIAL;UNIFAMILIAR;GARAJES PORCHES (PB);1;3;1.035
01231;RESIDENCIAL;UNIFAMILIAR;GARAJES PORCHES (PB);1;4;0.9
01232;RESIDENCIAL;UNIFAMILIAR;GARAJES PORCHES (PB);2;5;0.85
01233;RESIDENCIAL;UNIFAMILIAR;GARAJES PORCHES (PB);3;6;0.75
01234;RESIDENCIAL;UNIFAMILIAR;GARAJES PORCHES (PB);4;7;0.65
01235;RESIDENCIAL;UNIFAMILIAR;GARAJES PORCHES (PB);5;8;0.6
01236;RESIDENCIAL;UNIFAMILIAR;GARAJES PORCHES (PB);6;9;0.55
01237;RESIDENCIAL;UNIFAMILIAR;GARAJES PORCHES (PB);7;10;0.45
01238;RESIDENCIAL;UNIFAMILIAR;GARAJES PORCHES (PB);8;11;0.4
01239;RESIDENCIAL;UNIFAMILIAR;GARAJES PORCHES (PB);9;12;0.35
0131;RESIDENCIAL;EDIFICACIÓN RURAL;USO EXCLUSIVO DE VIV;4;7;0.9
0131A;RESIDENCIAL;EDIFICACIÓN RURAL;USO EXCLUSIVO DE VIV;1;1;2.025
0131B;RESIDENCIAL;EDIFICACIÓN RURAL;USO EXCLUSIVO DE VIV;1;2;1.755
0131C;RESIDENCIAL;EDIFICACIÓN RURAL;USO EXCLUSIVO DE VIV;1;3;1.5525
01311;RESIDENCIAL;EDIFICACIÓN RURAL;USO EXCLUSIVO DE VIV;1;4;1.35
01312;RESIDENCIAL;EDIFICACIÓN RURAL;USO EXCLUSIVO DE VIV;2;5;1.2
01313;RESIDENCIAL;EDIFICACIÓN RURAL;USO EXCLUSIVO DE VIV;3;6;1.05
01314;RESIDENCIAL;EDIFICACIÓN RURAL;USO EXCLUSIVO DE VIV;4;7;0.9
01315;RESIDENCIAL;EDIFICACIÓN RURAL;USO EXCLUSIVO DE VIV;5;8;0.8
01316;RESIDENCIAL;EDIFICACIÓN RURAL;USO EXCLUSIVO DE VIV;6;9;0.7
01317;RESIDENCIAL;EDIFICACIÓN RURAL;USO EXCLUSIVO DE VIV;7;10;0.6
01318;RESIDENCIAL;EDIFICACIÓN RURAL;USO EXCLUSIVO DE VIV;8;11;0.5
01319;RESIDENCIAL;EDIFICACIÓN RURAL;USO EXCLUSIVO DE VIV;9;12;0.4
0132;RESIDENCIAL;EDIFICACIÓN RURAL;EDIF RURAL ANEXOS;4;7;0.45
0132A;RESIDENCIAL;EDIFICACIÓN RURAL;EDIF RURAL ANEXOS;1;1;1.05
0132B;RESIDENCIAL;EDIFICACIÓN RURAL;EDIF RURAL ANEXOS;1;2;0.91
0132C;RESIDENCIAL;EDIFICACIÓN RURAL;EDIF RURAL ANEXOS;1;3;0.805
01321;RESIDENCIAL;EDIFICACIÓN RURAL;EDIF RURAL ANEXOS;1;4;0.7
01322;RESIDENCIAL;EDIFICACIÓN RURAL;EDIF RURAL ANEXOS;2;5;0.6
01323;RESIDENCIAL;EDIFICACIÓN RURAL;EDIF RURAL ANEXOS;3;6;0.5
01324;RESIDENCIAL;EDIFICACIÓN RURAL;EDIF RURAL ANEXOS;4;7;0.45
01325;RESIDENCIAL;EDIFICACIÓN RURAL;EDIF RURAL ANEXOS;5;8;0.4
01326;RESIDENCIAL;EDIFICACIÓN RURAL;EDIF RURAL ANEXOS;6;9;0.35
01327;RESIDENCIAL;EDIFICACIÓN RURAL;EDIF RURAL ANEXOS;7;10;0.3
01328;RESIDENCIAL;EDIFICACIÓN RURAL;EDIF RURAL ANEXOS;8;11;0.25
01329;RESIDENCIAL;EDIFICACIÓN RURAL;EDIF RURAL ANEXOS;9;12;0.2
0211;INDUSTRIAL;NAVE FABRICACION - ALMACENAM;NAVE FABRICACIÓN EN UNA PLANTA;4;7;0.6
0211A;INDUSTRIAL;NAVE FABRICACION - ALMACENAM;NAVE FABRICACIÓN EN UNA PLANTA;1;1;1.575
0211B;INDUSTRIAL;NAVE FABRICACION - ALMACENAM;NAVE FABRICACIÓN EN UNA PLANTA;1;2;1.365
0211C;INDUSTRIAL;NAVE FABRICACION - ALMACENAM;NAVE FABRICACIÓN EN UNA PLANTA;1;3;1.2075
02111;INDUSTRIAL;NAVE FABRICACION - ALMACENAM;NAVE FABRICACIÓN EN UNA PLANTA;1;4;1.05
02112;INDUSTRIAL;NAVE FABRICACION - ALMACENAM;NAVE FABRICACIÓN EN UNA PLANTA;2;5;0.9
02113;INDUSTRIAL;NAVE FABRICACION - ALMACENAM;NAVE FABRICACIÓN EN UNA PLANTA;3;6;0.75
02114;INDUSTRIAL;NAVE FABRICACION - ALMACENAM;NAVE FABRICACIÓN EN UNA PLANTA;4;7;0.6
02115;INDUSTRIAL;NAVE FABRICACION - ALMACENAM;NAVE FABRICACIÓN EN UNA PLANTA;5;8;0.5
02116;INDUSTRIAL;NAVE FABRICACION - ALMACENAM;NAVE FABRICACIÓN EN UNA PLANTA;6;9;0.45
02117;INDUSTRIAL;NAVE FABRICACION - ALMACENAM;NAVE FABRICACIÓN EN UNA PLANTA;7;10;0.4
02118;INDUSTRIAL;NAVE FABRICACION - ALMACENAM;NAVE FABRICACIÓN EN UNA PLANTA;8;11;0.37
02119;INDUSTRIAL;NAVE FABRICACION - ALMACENAM;NAVE FABRICACIÓN EN UNA PLANTA;9;12;0.35
0212;INDUSTRIAL;NAVE FABRICACION - ALMACENAM;NAVE FABRICACIÓN EN VARIAS PLANTAS;4;7;0.7
0212A;INDUSTRIAL;NAVE FABRICACION - ALMACENAM;NAVE FABRICACIÓN EN VARIAS PLANTAS;1;1;1.725
0212B;INDUSTRIAL;NAVE FABRICACION - ALMACENAM;NAVE FABRICACIÓN EN VARIAS PLANTAS;1;2;1.495
0212C;INDUSTRIAL;NAVE FABRICACION - ALMACENAM;NAVE FABRICACIÓN EN VARIAS PLANTAS;1;3;1.3225
02121;INDUSTRIAL;NAVE FABRICACION - ALMACENAM;NAVE FABRICACIÓN EN VARIAS PLANTAS;1;4;1.15
02122;INDUSTRIAL;NAVE FABRICACION - ALMACENAM;NAVE FABRICACIÓN EN VARIAS PLANTAS;2;5;1
02123;INDUSTRIAL;NAVE FABRICACION - ALMACENAM;NAVE FABRICACIÓN EN VARIAS PLANTAS;3;6;0.85
02124;INDUSTRIAL;NAVE FABRICACION - ALMACENAM;NAVE FABRICACIÓN EN VARIAS PLANTAS;4;7;0.7
02125;INDUSTRIAL;NAVE FABRICACION - ALMACENAM;NAVE FABRICACIÓN EN VARIAS PLANTAS;5;8;0.6
02126;INDUSTRIAL;NAVE FABRICACION - ALMACENAM;NAVE FABRICACIÓN EN VARIAS PLANTAS;6;9;0.55
02127;INDUSTRIAL;NAVE FABRICACION - ALMACENAM;NAVE FABRICACIÓN EN VARIAS PLANTAS;7;10;0.52
02128;INDUSTRIAL;NAVE FABRICACION - ALMACENAM;NAVE FABRICACIÓN EN VARIAS PLANTAS;8;11;0.5
02129;INDUSTRIAL;NAVE FABRICACION - ALMACENAM;NAVE FABRICACIÓN EN VARIAS PLANTAS;9;12;0.4
0213;INDUSTRIAL;NAVE FABRICACION - ALMACENAM;NAVE ALMACENAMIENTO;4;7;0.5
0213A;INDUSTRIAL;NAVE FABRICACION - ALMACENAM;NAVE ALMACENAMIENTO;1;1;1.275
0213B;INDUSTRIAL;NAVE FABRICACION - ALMACENAM;NAVE ALMACENAMIENTO;1;2;1.105
0213C;INDUSTRIAL;NAVE FABRICACION - ALMACENAM;NAVE ALMACENAMIENTO;1;3;0.9775
02131;INDUSTRIAL;NAVE FABRICACION - ALMACENAM;NAVE ALMACENAMIENTO;1;4;0.85
02132;INDUSTRIAL;NAVE FABRICACION - ALMACENAM;NAVE ALMACENAMIENTO;2;5;0.7
02133;INDUSTRIAL;NAVE FABRICACION - ALMACENAM;NAVE ALMACENAMIENTO;3;6;0.6
02134;INDUSTRIAL;NAVE FABRICACION - ALMACENAM;NAVE ALMACENAMIENTO;4;7;0.5
02135;INDUSTRIAL;NAVE FABRICACION - ALMACENAM;NAVE ALMACENAMIENTO;5;8;0.45
02136;INDUSTRIAL;NAVE FABRICACION - ALMACENAM;NAVE ALMACENAMIENTO;6;9;0.35
02137;INDUSTRIAL;NAVE FABRICACION - ALMACENAM;NAVE ALMACENAMIENTO;7;10;0.3
02138;INDUSTRIAL;NAVE FABRICACION - ALMACENAM;NAVE ALMACENAMIENTO;8;11;0.25
02139;INDUSTRIAL;NAVE FABRICACION - ALMACENAM;NAVE ALMACENAMIENTO;9;12;0.2
0221;INDUSTRIAL;GARAJE - APARCAMIENTO;GARAJE;4;7;0.7
0221A;INDUSTRIAL;GARAJE - APARCAMIENTO;GARAJE;1;1;1.725
0221B;INDUSTRIAL;GARAJE - APARCAMIENTO;GARAJE;1;2;1.495
0221C;INDUSTRIAL;GARAJE - APARCAMIENTO;GARAJE;1;3;1.3225
02211;INDUSTRIAL;GARAJE - APARCAMIENTO;GARAJE;1;4;1.15
02212;INDUSTRIAL;GARAJE - APARCAMIENTO;GARAJE;2;5;1
02213;INDUSTRIAL;GARAJE - APARCAMIENTO;GARAJE;3;6;0.85
02214;INDUSTRIAL;GARAJE - APARCAMIENTO;GARAJE;4;7;0.7
02215;INDUSTRIAL;GARAJE - APARCAMIENTO;GARAJE;5;8;0.6
02216;INDUSTRIAL;GARAJE - APARCAMIENTO;GARAJE;6;9;0.5
02217;INDUSTRIAL;GARAJE - APARCAMIENTO;GARAJE;7;10;0.4
02218;INDUSTRIAL;GARAJE - APARCAMIENTO;GARAJE;8;11;0.3
02219;INDUSTRIAL;GARAJE - APARCAMIENTO;GARAJE;9;12;0.2
0222;INDUSTRIAL;GARAJE - APARCAMIENTO;APARCAMIENTO;4;7;0.4
0222A;INDUSTRIAL;GARAJE - APARCAMIENTO;APARCAMIENTO;1;1;0.9
0222B;INDUSTRIAL;GARAJE - APARCAMIENTO;APARCAMIENTO;1;2;0.78
0222C;INDUSTRIAL;GARAJE - APARCAMIENTO;APARCAMIENTO;1;3;0.69
02221;INDUSTRIAL;GARAJE - APARCAMIENTO;APARCAMIENTO;1;4;0.6
02222;INDUSTRIAL;GARAJE - APARCAMIENTO;APARCAMIENTO;2;5;0.5
02223;INDUSTRIAL;GARAJE - APARCAMIENTO;APARCAMIENTO;3;6;0.45
02224;INDUSTRIAL;GARAJE - APARCAMIENTO;APARCAMIENTO;4;7;0.4
02225;INDUSTRIAL;GARAJE - APARCAMIENTO;APARCAMIENTO;5;8;0.35
02226;INDUSTRIAL;GARAJE - APARCAMIENTO;APARCAMIENTO;6;9;0.3
02227;INDUSTRIAL;GARAJE - APARCAMIENTO;APARCAMIENTO;7;10;0.2
02228;INDUSTRIAL;GARAJE - APARCAMIENTO;APARCAMIENTO;8;11;0.1
02229;INDUSTRIAL;GARAJE - APARCAMIENTO;APARCAMIENTO;9;12;0.05
0231;INDUSTRIAL;SERVICIOS DE TRANSPORTE;ESTACIONES DE SERVICIO;4;7;1.25
0231A;INDUSTRIAL;SERVICIOS DE TRANSPORTE;ESTACIONES DE SERVICIO;1;1;2.7
0231B;INDUSTRIAL;SERVICIOS DE TRANSPORTE;ESTACIONES DE SERVICIO;1;2;2.34
0231C;INDUSTRIAL;SERVICIOS DE TRANSPORTE;ESTACIONES DE SERVICIO;1;3;2.07
02311;INDUSTRIAL;SERVICIOS DE TRANSPORTE;ESTACIONES DE SERVICIO;1;4;1.8
02312;INDUSTRIAL;SERVICIOS DE TRANSPORTE;ESTACIONES DE SERVICIO;2;5;1.6
02313;INDUSTRIAL;SERVICIOS DE TRANSPORTE;ESTACIONES DE SERVICIO;3;6;1.4
02314;INDUSTRIAL;SERVICIOS DE TRANSPORTE;ESTACIONES DE SERVICIO;4;7;1.25
02315;INDUSTRIAL;SERVICIOS DE TRANSPORTE;ESTACIONES DE SERVICIO;5;8;1.2
02316;INDUSTRIAL;SERVICIOS DE TRANSPORTE;ESTACIONES DE SERVICIO;6;9;1.1
02317;INDUSTRIAL;SERVICIOS DE TRANSPORTE;ESTACIONES DE SERVICIO;7;10;1
02318;INDUSTRIAL;SERVICIOS DE TRANSPORTE;ESTACIONES DE SERVICIO;8;11;0.9
02319;INDUSTRIAL;SERVICIOS DE TRANSPORTE;ESTACIONES DE SERVICIO;9;12;0.8
0232;INDUSTRIAL;SERVICIOS DE TRANSPORTE;ESTACIONES (TRANSPORTE);4;7;1.8
0232A;INDUSTRIAL;SERVICIOS DE TRANSPORTE;ESTACIONES (TRANSPORTE);1;1;3.825
0232B;INDUSTRIAL;SERVICIOS DE TRANSPORTE;ESTACIONES (TRANSPORTE);1;2;3.315
0232C;INDUSTRIAL;SERVICIOS DE TRANSPORTE;ESTACIONES (TRANSPORTE);1;3;2.9325
02321;INDUSTRIAL;SERVICIOS DE TRANSPORTE;ESTACIONES (TRANSPORTE);1;4;2.55
02322;INDUSTRIAL;SERVICIOS DE TRANSPORTE;ESTACIONES (TRANSPORTE);2;5;2.25
02323;INDUSTRIAL;SERVICIOS DE TRANSPORTE;ESTACIONES (TRANSPORTE);3;6;2
02324;INDUSTRIAL;SERVICIOS DE TRANSPORTE;ESTACIONES (TRANSPORTE);4;7;1.8
02325;INDUSTRIAL;SERVICIOS DE TRANSPORTE;ESTACIONES (TRANSPORTE);5;8;1.6
02326;INDUSTRIAL;SERVICIOS DE TRANSPORTE;ESTACIONES (TRANSPORTE);6;9;1.4
02327;INDUSTRIAL;SERVICIOS DE TRANSPORTE;ESTACIONES (TRANSPORTE);7;10;1.25
02328;INDUSTRIAL;SERVICIOS DE TRANSPORTE;ESTACIONES (TRANSPORTE);8;11;1.1
02329;INDUSTRIAL;SERVICIOS DE TRANSPORTE;ESTACIONES (TRANSPORTE);9;12;1
0311;OFICINAS;EDIFICIO EXCLUSIVO;OFICINAS MULTIPLES;4;7;1.5
0311A;OFICINAS;EDIFICIO EXCLUSIVO;OFICINAS MULTIPLES;1;1;3.525
0311B;OFICINAS;EDIFICIO EXCLUSIVO;OFICINAS MULTIPLES;1;2;3.055
0311C;OFICINAS;EDIFICIO EXCLUSIVO;OFICINAS MULTIPLES;1;3;2.7025
03111;OFICINAS;EDIFICIO EXCLUSIVO;OFICINAS MULTIPLES;1;4;2.35
03112;OFICINAS;EDIFICIO EXCLUSIVO;OFICINAS MULTIPLES;2;5;2
03113;OFICINAS;EDIFICIO EXCLUSIVO;OFICINAS MULTIPLES;3;6;1.7
03114;OFICINAS;EDIFICIO EXCLUSIVO;OFICINAS MULTIPLES;4;7;1.5
03115;OFICINAS;EDIFICIO EXCLUSIVO;OFICINAS MULTIPLES;5;8;1.3
03116;OFICINAS;EDIFICIO EXCLUSIVO;OFICINAS MULTIPLES;6;9;1.15
03117;OFICINAS;EDIFICIO EXCLUSIVO;OFICINAS MULTIPLES;7;10;1
03118;OFICINAS;EDIFICIO EXCLUSIVO;OFICINAS MULTIPLES;8;11;0.9
03119;OFICINAS;EDIFICIO EXCLUSIVO;OFICINAS MULTIPLES;9;12;0.8
0312;OFICINAS;EDIFICIO EXCLUSIVO;OFICINAS UNITARIAS;4;7;1.6
0312A;OFICINAS;EDIFICIO EXCLUSIVO;OFICINAS UNITARIAS;1;1;3.825
0312B;OFICINAS;EDIFICIO EXCLUSIVO;OFICINAS UNITARIAS;1;2;3.315
0312C;OFICINAS;EDIFICIO EXCLUSIVO;OFICINAS UNITARIAS;1;3;2.9325
03121;OFICINAS;EDIFICIO EXCLUSIVO;OFICINAS UNITARIAS;1;4;2.55
03122;OFICINAS;EDIFICIO EXCLUSIVO;OFICINAS UNITARIAS;2;5;2.2
03123;OFICINAS;EDIFICIO EXCLUSIVO;OFICINAS UNITARIAS;3;6;1.85
03124;OFICINAS;EDIFICIO EXCLUSIVO;OFICINAS UNITARIAS;4;7;1.6
03125;OFICINAS;EDIFICIO EXCLUSIVO;OFICINAS UNITARIAS;5;8;1.4
03126;OFICINAS;EDIFICIO EXCLUSIVO;OFICINAS UNITARIAS;6;9;1.25
03127;OFICINAS;EDIFICIO EXCLUSIVO;OFICINAS UNITARIAS;7;10;1.1
03128;OFICINAS;EDIFICIO EXCLUSIVO;OFICINAS UNITARIAS;8;11;1
03129;OFICINAS;EDIFICIO EXCLUSIVO;OFICINAS UNITARIAS;9;12;0.9
0321;OFICINAS;EDIFICIO MIXTO;UNIDO A VIVIENDAS;4;7;1.3
0321A;OFICINAS;EDIFICIO MIXTO;UNIDO A VIVIENDAS;1;1;3.075
0321B;OFICINAS;EDIFICIO MIXTO;UNIDO A VIVIENDAS;1;2;2.665
0321C;OFICINAS;EDIFICIO MIXTO;UNIDO A VIVIENDAS;1;3;2.3575
03211;OFICINAS;EDIFICIO MIXTO;UNIDO A VIVIENDAS;1;4;2.05
03212;OFICINAS;EDIFICIO MIXTO;UNIDO A VIVIENDAS;2;5;1.8
03213;OFICINAS;EDIFICIO MIXTO;UNIDO A VIVIENDAS;3;6;1.5
03214;OFICINAS;EDIFICIO MIXTO;UNIDO A VIVIENDAS;4;7;1.3
03215;OFICINAS;EDIFICIO MIXTO;UNIDO A VIVIENDAS;5;8;1.1
03216;OFICINAS;EDIFICIO MIXTO;UNIDO A VIVIENDAS;6;9;1
03217;OFICINAS;EDIFICIO MIXTO;UNIDO A VIVIENDAS;7;10;0.9
03218;OFICINAS;EDIFICIO MIXTO;UNIDO A VIVIENDAS;8;11;0.8
03219;OFICINAS;EDIFICIO MIXTO;UNIDO A VIVIENDAS;9;12;0.7
0322;OFICINAS;EDIFICIO MIXTO;UNIDO A INDUSTRIA;4;7;1
0322A;OFICINAS;EDIFICIO MIXTO;UNIDO A INDUSTRIA;1;1;2.1
0322B;OFICINAS;EDIFICIO MIXTO;UNIDO A INDUSTRIA;1;2;1.82
0322C;OFICINAS;EDIFICIO MIXTO;UNIDO A INDUSTRIA;1;3;1.61
03221;OFICINAS;EDIFICIO MIXTO;UNIDO A INDUSTRIA;1;4;1.4
03222;OFICINAS;EDIFICIO MIXTO;UNIDO A INDUSTRIA;2;5;1.25
03223;OFICINAS;EDIFICIO MIXTO;UNIDO A INDUSTRIA;3;6;1.1
03224;OFICINAS;EDIFICIO MIXTO;UNIDO A INDUSTRIA;4;7;1
03225;OFICINAS;EDIFICIO MIXTO;UNIDO A INDUSTRIA;5;8;0.85
03226;OFICINAS;EDIFICIO MIXTO;UNIDO A INDUSTRIA;6;9;0.65
03227;OFICINAS;EDIFICIO MIXTO;UNIDO A INDUSTRIA;7;10;0.55
03228;OFICINAS;EDIFICIO MIXTO;UNIDO A INDUSTRIA;8;11;0.45
03229;OFICINAS;EDIFICIO MIXTO;UNIDO A INDUSTRIA;9;12;0.35
0331;OFICINAS;BANCA Y SEGUROS;EN EDIFICIO EXCLUSIVO;4;7;2.1
0331A;OFICINAS;BANCA Y SEGUROS;EN EDIFICIO EXCLUSIVO;1;1;4.425
0331B;OFICINAS;BANCA Y SEGUROS;EN EDIFICIO EXCLUSIVO;1;2;3.835
0331C;OFICINAS;BANCA Y SEGUROS;EN EDIFICIO EXCLUSIVO;1;3;3.3925
03311;OFICINAS;BANCA Y SEGUROS;EN EDIFICIO EXCLUSIVO;1;4;2.95
03312;OFICINAS;BANCA Y SEGUROS;EN EDIFICIO EXCLUSIVO;2;5;2.65
03313;OFICINAS;BANCA Y SEGUROS;EN EDIFICIO EXCLUSIVO;3;6;2.35
03314;OFICINAS;BANCA Y SEGUROS;EN EDIFICIO EXCLUSIVO;4;7;2.1
03315;OFICINAS;BANCA Y SEGUROS;EN EDIFICIO EXCLUSIVO;5;8;1.9
03316;OFICINAS;BANCA Y SEGUROS;EN EDIFICIO EXCLUSIVO;6;9;1.7
03317;OFICINAS;BANCA Y SEGUROS;EN EDIFICIO EXCLUSIVO;7;10;1.5
03318;OFICINAS;BANCA Y SEGUROS;EN EDIFICIO EXCLUSIVO;8;11;1.35
03319;OFICINAS;BANCA Y SEGUROS;EN EDIFICIO EXCLUSIVO;9;12;1.2
0332;OFICINAS;BANCA Y SEGUROS;EN EDIFICIO MIXTO;4;7;1.9
0332A;OFICINAS;BANCA Y SEGUROS;EN EDIFICIO MIXTO;1;1;3.975
0332B;OFICINAS;BANCA Y SEGUROS;EN EDIFICIO MIXTO;1;2;3.445
0332C;OFICINAS;BANCA Y SEGUROS;EN EDIFICIO MIXTO;1;3;3.0475
03321;OFICINAS;BANCA Y SEGUROS;EN EDIFICIO MIXTO;1;4;2.65
03322;OFICINAS;BANCA Y SEGUROS;EN EDIFICIO MIXTO;2;5;2.35
03323;OFICINAS;BANCA Y SEGUROS;EN EDIFICIO MIXTO;3;6;2.1
03324;OFICINAS;BANCA Y SEGUROS;EN EDIFICIO MIXTO;4;7;1.9
03325;OFICINAS;BANCA Y SEGUROS;EN EDIFICIO MIXTO;5;8;1.7
03326;OFICINAS;BANCA Y SEGUROS;EN EDIFICIO MIXTO;6;9;1.5
03327;OFICINAS;BANCA Y SEGUROS;EN EDIFICIO MIXTO;7;10;1.35
03328;OFICINAS;BANCA Y SEGUROS;EN EDIFICIO MIXTO;8;11;1.2
03329;OFICINAS;BANCA Y SEGUROS;EN EDIFICIO MIXTO;9;12;1.05
0411;COMERCIAL;EN EDIFICIO MIXTO;LOCALES COMERCIALES Y TALLERES;4;7;1.2
0411A;COMERCIAL;EN EDIFICIO MIXTO;LOCALES COMERCIALES Y TALLERES;1;1;2.925
0411B;COMERCIAL;EN EDIFICIO MIXTO;LOCALES COMERCIALES Y TALLERES;1;2;2.535
0411C;COMERCIAL;EN EDIFICIO MIXTO;LOCALES COMERCIALES Y TALLERES;1;3;2.2425
04111;COMERCIAL;EN EDIFICIO MIXTO;LOCALES COMERCIALES Y TALLERES;1;4;1.95
04112;COMERCIAL;EN EDIFICIO MIXTO;LOCALES COMERCIALES Y TALLERES;2;5;1.6
04113;COMERCIAL;EN EDIFICIO MIXTO;LOCALES COMERCIALES Y TALLERES;3;6;1.35
04114;COMERCIAL;EN EDIFICIO MIXTO;LOCALES COMERCIALES Y TALLERES;4;7;1.2
04115;COMERCIAL;EN EDIFICIO MIXTO;LOCALES COMERCIALES Y TALLERES;5;8;1.05
04116;COMERCIAL;EN EDIFICIO MIXTO;LOCALES COMERCIALES Y TALLERES;6;9;0.95
04117;COMERCIAL;EN EDIFICIO MIXTO;LOCALES COMERCIALES Y TALLERES;7;10;0.85
04118;COMERCIAL;EN EDIFICIO MIXTO;LOCALES COMERCIALES Y TALLERES;8;11;0.75
04119;COMERCIAL;EN EDIFICIO MIXTO;LOCALES COMERCIALES Y TALLERES;9;12;0.65
0412;COMERCIAL;EN EDIFICIO MIXTO;GALERÍAS COMERCIALES;4;7;1.3
0412A;COMERCIAL;EN EDIFICIO MIXTO;GALERÍAS COMERCIALES;1;1;2.775
0412B;COMERCIAL;EN EDIFICIO MIXTO;GALERÍAS COMERCIALES;1;2;2.405
0412C;COMERCIAL;EN EDIFICIO MIXTO;GALERÍAS COMERCIALES;1;3;2.1275
04121;COMERCIAL;EN EDIFICIO MIXTO;GALERÍAS COMERCIALES;1;4;1.85
04122;COMERCIAL;EN EDIFICIO MIXTO;GALERÍAS COMERCIALES;2;5;1.65
04123;COMERCIAL;EN EDIFICIO MIXTO;GALERÍAS COMERCIALES;3;6;1.45
04124;COMERCIAL;EN EDIFICIO MIXTO;GALERÍAS COMERCIALES;4;7;1.3
04125;COMERCIAL;EN EDIFICIO MIXTO;GALERÍAS COMERCIALES;5;8;1.15
04126;COMERCIAL;EN EDIFICIO MIXTO;GALERÍAS COMERCIALES;6;9;1
04127;COMERCIAL;EN EDIFICIO MIXTO;GALERÍAS COMERCIALES;7;10;0.9
04128;COMERCIAL;EN EDIFICIO MIXTO;GALERÍAS COMERCIALES;8;11;0.8
04129;COMERCIAL;EN EDIFICIO MIXTO;GALERÍAS COMERCIALES;9;12;0.7
0421;COMERCIAL;EN EDIFICIO EXCLUSIVO;EN UNA PLANTA;4;7;1.6
0421A;COMERCIAL;EN EDIFICIO EXCLUSIVO;EN UNA PLANTA;1;1;3.75
0421B;COMERCIAL;EN EDIFICIO EXCLUSIVO;EN UNA PLANTA;1;2;3.25
0421C;COMERCIAL;EN EDIFICIO EXCLUSIVO;EN UNA PLANTA;1;3;2.875
04211;COMERCIAL;EN EDIFICIO EXCLUSIVO;EN UNA PLANTA;1;4;2.5
04212;COMERCIAL;EN EDIFICIO EXCLUSIVO;EN UNA PLANTA;2;5;2.15
04213;COMERCIAL;EN EDIFICIO EXCLUSIVO;EN UNA PLANTA;3;6;1.85
04214;COMERCIAL;EN EDIFICIO EXCLUSIVO;EN UNA PLANTA;4;7;1.6
04215;COMERCIAL;EN EDIFICIO EXCLUSIVO;EN UNA PLANTA;5;8;1.4
04216;COMERCIAL;EN EDIFICIO EXCLUSIVO;EN UNA PLANTA;6;9;1.25
04217;COMERCIAL;EN EDIFICIO EXCLUSIVO;EN UNA PLANTA;7;10;1.1
04218;COMERCIAL;EN EDIFICIO EXCLUSIVO;EN UNA PLANTA;8;11;1
04219;COMERCIAL;EN EDIFICIO EXCLUSIVO;EN UNA PLANTA;9;12;0.85
0422;COMERCIAL;EN EDIFICIO EXCLUSIVO;EN VARIAS PLANTAS;4;7;1.75
0422A;COMERCIAL;EN EDIFICIO EXCLUSIVO;EN VARIAS PLANTAS;1;1;4.125
0422B;COMERCIAL;EN EDIFICIO EXCLUSIVO;EN VARIAS PLANTAS;1;2;3.575
0422C;COMERCIAL;EN EDIFICIO EXCLUSIVO;EN VARIAS PLANTAS;1;3;3.1625
04221;COMERCIAL;EN EDIFICIO EXCLUSIVO;EN VARIAS PLANTAS;1;4;2.75
04222;COMERCIAL;EN EDIFICIO EXCLUSIVO;EN VARIAS PLANTAS;2;5;2.35
04223;COMERCIAL;EN EDIFICIO EXCLUSIVO;EN VARIAS PLANTAS;3;6;2
04224;COMERCIAL;EN EDIFICIO EXCLUSIVO;EN VARIAS PLANTAS;4;7;1.75
04225;COMERCIAL;EN EDIFICIO EXCLUSIVO;EN VARIAS PLANTAS;5;8;1.5
04226;COMERCIAL;EN EDIFICIO EXCLUSIVO;EN VARIAS PLANTAS;6;9;1.35
04227;COMERCIAL;EN EDIFICIO EXCLUSIVO;EN VARIAS PLANTAS;7;10;1.2
04228;COMERCIAL;EN EDIFICIO EXCLUSIVO;EN VARIAS PLANTAS;8;11;1.05
04229;COMERCIAL;EN EDIFICIO EXCLUSIVO;EN VARIAS PLANTAS;9;12;0.9
0431;COMERCIAL;MERCADOS Y SUPERMERCADOS;MERCADOS;4;7;1.45
0431A;COMERCIAL;MERCADOS Y SUPERMERCADOS;MERCADOS;1;1;3
0431B;COMERCIAL;MERCADOS Y SUPERMERCADOS;MERCADOS;1;2;2.6
0431C;COMERCIAL;MERCADOS Y SUPERMERCADOS;MERCADOS;1;3;2.3
04311;COMERCIAL;MERCADOS Y SUPERMERCADOS;MERCADOS;1;4;2
04312;COMERCIAL;MERCADOS Y SUPERMERCADOS;MERCADOS;2;5;1.8
04313;COMERCIAL;MERCADOS Y SUPERMERCADOS;MERCADOS;3;6;1.6
04314;COMERCIAL;MERCADOS Y SUPERMERCADOS;MERCADOS;4;7;1.45
04315;COMERCIAL;MERCADOS Y SUPERMERCADOS;MERCADOS;5;8;1.3
04316;COMERCIAL;MERCADOS Y SUPERMERCADOS;MERCADOS;6;9;1.15
04317;COMERCIAL;MERCADOS Y SUPERMERCADOS;MERCADOS;7;10;1
04318;COMERCIAL;MERCADOS Y SUPERMERCADOS;MERCADOS;8;11;0.9
04319;COMERCIAL;MERCADOS Y SUPERMERCADOS;MERCADOS;9;12;0.8
0432;COMERCIAL;MERCADOS Y SUPERMERCADOS;HIPERMERCADOS Y SUPERMERCADOS;4;7;1.3
0432A;COMERCIAL;MERCADOS Y SUPERMERCADOS;HIPERMERCADOS Y SUPERMERCADOS;1;1;2.7
0432B;COMERCIAL;MERCADOS Y SUPERMERCADOS;HIPERMERCADOS Y SUPERMERCADOS;1;2;2.34
0432C;COMERCIAL;MERCADOS Y SUPERMERCADOS;HIPERMERCADOS Y SUPERMERCADOS;1;3;2.07
04321;COMERCIAL;MERCADOS Y SUPERMERCADOS;HIPERMERCADOS Y SUPERMERCADOS;1;4;1.8
04322;COMERCIAL;MERCADOS Y SUPERMERCADOS;HIPERMERCADOS Y SUPERMERCADOS;2;5;1.6
04323;COMERCIAL;MERCADOS Y SUPERMERCADOS;HIPERMERCADOS Y SUPERMERCADOS;3;6;1.45
04324;COMERCIAL;MERCADOS Y SUPERMERCADOS;HIPERMERCADOS Y SUPERMERCADOS;4;7;1.3
04325;COMERCIAL;MERCADOS Y SUPERMERCADOS;HIPERMERCADOS Y SUPERMERCADOS;5;8;1.15
04326;COMERCIAL;MERCADOS Y SUPERMERCADOS;HIPERMERCADOS Y SUPERMERCADOS;6;9;1
04327;COMERCIAL;MERCADOS Y SUPERMERCADOS;HIPERMERCADOS Y SUPERMERCADOS;7;10;0.9
04328;COMERCIAL;MERCADOS Y SUPERMERCADOS;HIPERMERCADOS Y SUPERMERCADOS;8;11;0.8
04329;COMERCIAL;MERCADOS Y SUPERMERCADOS;HIPERMERCADOS Y SUPERMERCADOS;9;12;0.7
0511;DEPORTES;CUBIERTOS;VARIOS;4;7;1.5
0511A;DEPORTES;CUBIERTOS;VARIOS;1;1;3.15
0511B;DEPORTES;CUBIERTOS;VARIOS;1;2;2.73
0511C;DEPORTES;CUBIERTOS;VARIOS;1;3;2.415
05111;DEPORTES;CUBIERTOS;VARIOS;1;4;2.1
05112;DEPORTES;CUBIERTOS;VARIOS;2;5;1.9
05113;DEPORTES;CUBIERTOS;VARIOS;3;6;1.7
05114;DEPORTES;CUBIERTOS;VARIOS;4;7;1.5
05115;DEPORTES;CUBIERTOS;VARIOS;5;8;1.3
05116;DEPORTES;CUBIERTOS;VARIOS;6;9;1.1
05117;DEPORTES;CUBIERTOS;VARIOS;7;10;0.9
05118;DEPORTES;CUBIERTOS;VARIOS;8;11;0.7
05119;DEPORTES;CUBIERTOS;VARIOS;9;12;0.5
0512;DEPORTES;CUBIERTOS;PISCINA;4;7;1.65
0512A;DEPORTES;CUBIERTOS;PISCINA;1;1;3.45
0512B;DEPORTES;CUBIERTOS;PISCINA;1;2;2.99
0512C;DEPORTES;CUBIERTOS;PISCINA;1;3;2.645
05121;DEPORTES;CUBIERTOS;PISCINA;1;4;2.3
05122;DEPORTES;CUBIERTOS;PISCINA;2;5;2.05
05123;DEPORTES;CUBIERTOS;PISCINA;3;6;1.85
05124;DEPORTES;CUBIERTOS;PISCINA;4;7;1.65
05125;DEPORTES;CUBIERTOS;PISCINA;5;8;1.45
05126;DEPORTES;CUBIERTOS;PISCINA;6;9;1.3
05127;DEPORTES;CUBIERTOS;PISCINA;7;10;1.15
05128;DEPORTES;CUBIERTOS;PISCINA;8;11;1
05129;DEPORTES;CUBIERTOS;PISCINA;9;12;0.9
0521;DEPORTES;DESCUBIERTOS;VARIOS;4;7;0.45
0521A;DEPORTES;DESCUBIERTOS;VARIOS;1;1;1.05
0521B;DEPORTES;DESCUBIERTOS;VARIOS;1;2;0.91
0521C;DEPORTES;DESCUBIERTOS;VARIOS;1;3;0.805
05211;DEPORTES;DESCUBIERTOS;VARIOS;1;4;0.7
05212;DEPORTES;DESCUBIERTOS;VARIOS;2;5;0.55
05213;DEPORTES;DESCUBIERTOS;VARIOS;3;6;0.5
05214;DEPORTES;DESCUBIERTOS;VARIOS;4;7;0.45
05215;DEPORTES;DESCUBIERTOS;VARIOS;5;8;0.35
05216;DEPORTES;DESCUBIERTOS;VARIOS;6;9;0.25
05217;DEPORTES;DESCUBIERTOS;VARIOS;7;10;0.2
05218;DEPORTES;DESCUBIERTOS;VARIOS;8;11;0.1
05219;DEPORTES;DESCUBIERTOS;VARIOS;9;12;0.05
0522;DEPORTES;DESCUBIERTOS;PISCINA;4;7;0.6
0522A;DEPORTES;DESCUBIERTOS;PISCINA;1;1;1.35
0522B;DEPORTES;DESCUBIERTOS;PISCINA;1;2;1.17
0522C;DEPORTES;DESCUBIERTOS;PISCINA;1;3;1.035
05221;DEPORTES;DESCUBIERTOS;PISCINA;1;4;0.9
05222;DEPORTES;DESCUBIERTOS;PISCINA;2;5;0.8
05223;DEPORTES;DESCUBIERTOS;PISCINA;3;6;0.7
05224;DEPORTES;DESCUBIERTOS;PISCINA;4;7;0.6
05225;DEPORTES;DESCUBIERTOS;PISCINA;5;8;0.5
05226;DEPORTES;DESCUBIERTOS;PISCINA;6;9;0.4
05227;DEPORTES;DESCUBIERTOS;PISCINA;7;10;0.35
05228;DEPORTES;DESCUBIERTOS;PISCINA;8;11;0.3
05229;DEPORTES;DESCUBIERTOS;PISCINA;9;12;0.25
0531;DEPORTES;AUXILIARES;VESTUARIOS - DEPURADORAS - CALEFACCIÓN;4;7;1.05
0531A;DEPORTES;AUXILIARES;VESTUARIOS - DEPURADORAS - CALEFACCIÓN;1;1;2.25
0531B;DEPORTES;AUXILIARES;VESTUARIOS - DEPURADORAS - CALEFACCIÓN;1;2;1.95
0531C;DEPORTES;AUXILIARES;VESTUARIOS - DEPURADORAS - CALEFACCIÓN;1;3;1.725
05311;DEPORTES;AUXILIARES;VESTUARIOS - DEPURADORAS - CALEFACCIÓN;1;4;1.5
05312;DEPORTES;AUXILIARES;VESTUARIOS - DEPURADORAS - CALEFACCIÓN;2;5;1.35
05313;DEPORTES;AUXILIARES;VESTUARIOS - DEPURADORAS - CALEFACCIÓN;3;6;1.2
05314;DEPORTES;AUXILIARES;VESTUARIOS - DEPURADORAS - CALEFACCIÓN;4;7;1.05
05315;DEPORTES;AUXILIARES;VESTUARIOS - DEPURADORAS - CALEFACCIÓN;5;8;0.9
05316;DEPORTES;AUXILIARES;VESTUARIOS - DEPURADORAS - CALEFACCIÓN;6;9;0.8
05317;DEPORTES;AUXILIARES;VESTUARIOS - DEPURADORAS - CALEFACCIÓN;7;10;0.7
05318;DEPORTES;AUXILIARES;VESTUARIOS - DEPURADORAS - CALEFACCIÓN;8;11;0.6
05319;DEPORTES;AUXILIARES;VESTUARIOS - DEPURADORAS - CALEFACCIÓN;9;12;0.5
0541;DEPORTES;ESPECTACULOS DEPORTIVOS;ESTADIOS - PLAZAS DE TOROS;4;7;1.7
0541A;DEPORTES;ESPECTACULOS DEPORTIVOS;ESTADIOS - PLAZAS DE TOROS;1;1;3.6
0541B;DEPORTES;ESPECTACULOS DEPORTIVOS;ESTADIOS - PLAZAS DE TOROS;1;2;3.12
0541C;DEPORTES;ESPECTACULOS DEPORTIVOS;ESTADIOS - PLAZAS DE TOROS;1;3;2.76
05411;DEPORTES;ESPECTACULOS DEPORTIVOS;ESTADIOS - PLAZAS DE TOROS;1;4;2.4
05412;DEPORTES;ESPECTACULOS DEPORTIVOS;ESTADIOS - PLAZAS DE TOROS;2;5;2.15
05413;DEPORTES;ESPECTACULOS DEPORTIVOS;ESTADIOS - PLAZAS DE TOROS;3;6;1.9
05414;DEPORTES;ESPECTACULOS DEPORTIVOS;ESTADIOS - PLAZAS DE TOROS;4;7;1.7
05415;DEPORTES;ESPECTACULOS DEPORTIVOS;ESTADIOS - PLAZAS DE TOROS;5;8;1.5
05416;DEPORTES;ESPECTACULOS DEPORTIVOS;ESTADIOS - PLAZAS DE TOROS;6;9;1.35
05417;DEPORTES;ESPECTACULOS DEPORTIVOS;ESTADIOS - PLAZAS DE TOROS;7;10;1.2
05418;DEPORTES;ESPECTACULOS DEPORTIVOS;ESTADIOS - PLAZAS DE TOROS;8;11;1.05
05419;DEPORTES;ESPECTACULOS DEPORTIVOS;ESTADIOS - PLAZAS DE TOROS;9;12;0.95
0542;DEPORTES;ESPECTACULOS DEPORTIVOS;HIPÓDROMO - CANÓDROMO - VELÓDROMO;4;7;1.55
0542A;DEPORTES;ESPECTACULOS DEPORTIVOS;HIPÓDROMO - CANÓDROMO - VELÓDROMO;1;1;3.3
0542B;DEPORTES;ESPECTACULOS DEPORTIVOS;HIPÓDROMO - CANÓDROMO - VELÓDROMO;1;2;2.86
0542C;DEPORTES;ESPECTACULOS DEPORTIVOS;HIPÓDROMO - CANÓDROMO - VELÓDROMO;1;3;2.53
05421;DEPORTES;ESPECTACULOS DEPORTIVOS;HIPÓDROMO - CANÓDROMO - VELÓDROMO;1;4;2.2
05422;DEPORTES;ESPECTACULOS DEPORTIVOS;HIPÓDROMO - CANÓDROMO - VELÓDROMO;2;5;1.95
05423;DEPORTES;ESPECTACULOS DEPORTIVOS;HIPÓDROMO - CANÓDROMO - VELÓDROMO;3;6;1.75
05424;DEPORTES;ESPECTACULOS DEPORTIVOS;HIPÓDROMO - CANÓDROMO - VELÓDROMO;4;7;1.55
05425;DEPORTES;ESPECTACULOS DEPORTIVOS;HIPÓDROMO - CANÓDROMO - VELÓDROMO;5;8;1.4
05426;DEPORTES;ESPECTACULOS DEPORTIVOS;HIPÓDROMO - CANÓDROMO - VELÓDROMO;6;9;1.25
05427;DEPORTES;ESPECTACULOS DEPORTIVOS;HIPÓDROMO - CANÓDROMO - VELÓDROMO;7;10;1.1
05428;DEPORTES;ESPECTACULOS DEPORTIVOS;HIPÓDROMO - CANÓDROMO - VELÓDROMO;8;11;1
05429;DEPORTES;ESPECTACULOS DEPORTIVOS;HIPÓDROMO - CANÓDROMO - VELÓDROMO;9;12;0.9
0611;ESPECTÁCULOS;VARIOS;CUBIERTOS;4;7;1.35
0611A;ESPECTÁCULOS;VARIOS;CUBIERTOS;1;1;2.85
0611B;ESPECTÁCULOS;VARIOS;CUBIERTOS;1;2;2.47
0611C;ESPECTÁCULOS;VARIOS;CUBIERTOS;1;3;2.185
06111;ESPECTÁCULOS;VARIOS;CUBIERTOS;1;4;1.9
06112;ESPECTÁCULOS;VARIOS;CUBIERTOS;2;5;1.7
06113;ESPECTÁCULOS;VARIOS;CUBIERTOS;3;6;1.5
06114;ESPECTÁCULOS;VARIOS;CUBIERTOS;4;7;1.35
06115;ESPECTÁCULOS;VARIOS;CUBIERTOS;5;8;1.2
06116;ESPECTÁCULOS;VARIOS;CUBIERTOS;6;9;1.05
06117;ESPECTÁCULOS;VARIOS;CUBIERTOS;7;10;0.95
06118;ESPECTÁCULOS;VARIOS;CUBIERTOS;8;11;0.85
06119;ESPECTÁCULOS;VARIOS;CUBIERTOS;9;12;0.75
0612;ESPECTÁCULOS;VARIOS;DESCUBIERTOS;4;7;0.55
0612A;ESPECTÁCULOS;VARIOS;DESCUBIERTOS;1;1;1.2
0612B;ESPECTÁCULOS;VARIOS;DESCUBIERTOS;1;2;1.04
0612C;ESPECTÁCULOS;VARIOS;DESCUBIERTOS;1;3;0.92
06121;ESPECTÁCULOS;VARIOS;DESCUBIERTOS;1;4;0.8
06122;ESPECTÁCULOS;VARIOS;DESCUBIERTOS;2;5;0.7
06123;ESPECTÁCULOS;VARIOS;DESCUBIERTOS;3;6;0.6
06124;ESPECTÁCULOS;VARIOS;DESCUBIERTOS;4;7;0.55
06125;ESPECTÁCULOS;VARIOS;DESCUBIERTOS;5;8;0.5
06126;ESPECTÁCULOS;VARIOS;DESCUBIERTOS;6;9;0.45
06127;ESPECTÁCULOS;VARIOS;DESCUBIERTOS;7;10;0.4
06128;ESPECTÁCULOS;VARIOS;DESCUBIERTOS;8;11;0.35
06129;ESPECTÁCULOS;VARIOS;DESCUBIERTOS;9;12;0.3
0621;ESPECTÁCULOS;BAR MUSICAL -  SALA de FIESTA - DISCOTECA;EDIF EXCLUSIVO;4;7;1.9
0621A;ESPECTÁCULOS;BAR MUSICAL -  SALA de FIESTA - DISCOTECA;EDIF EXCLUSIVO;1;1;3.975
0621B;ESPECTÁCULOS;BAR MUSICAL -  SALA de FIESTA - DISCOTECA;EDIF EXCLUSIVO;1;2;3.445
0621C;ESPECTÁCULOS;BAR MUSICAL -  SALA de FIESTA - DISCOTECA;EDIF EXCLUSIVO;1;3;3.0475
06211;ESPECTÁCULOS;BAR MUSICAL -  SALA de FIESTA - DISCOTECA;EDIF EXCLUSIVO;1;4;2.65
06212;ESPECTÁCULOS;BAR MUSICAL -  SALA de FIESTA - DISCOTECA;EDIF EXCLUSIVO;2;5;2.35
06213;ESPECTÁCULOS;BAR MUSICAL -  SALA de FIESTA - DISCOTECA;EDIF EXCLUSIVO;3;6;2.1
06214;ESPECTÁCULOS;BAR MUSICAL -  SALA de FIESTA - DISCOTECA;EDIF EXCLUSIVO;4;7;1.9
06215;ESPECTÁCULOS;BAR MUSICAL -  SALA de FIESTA - DISCOTECA;EDIF EXCLUSIVO;5;8;1.7
06216;ESPECTÁCULOS;BAR MUSICAL -  SALA de FIESTA - DISCOTECA;EDIF EXCLUSIVO;6;9;1.5
06217;ESPECTÁCULOS;BAR MUSICAL -  SALA de FIESTA - DISCOTECA;EDIF EXCLUSIVO;7;10;1.35
06218;ESPECTÁCULOS;BAR MUSICAL -  SALA de FIESTA - DISCOTECA;EDIF EXCLUSIVO;8;11;1.2
06219;ESPECTÁCULOS;BAR MUSICAL -  SALA de FIESTA - DISCOTECA;EDIF EXCLUSIVO;9;12;1.05
0622;ESPECTÁCULOS;BAR MUSICAL -  SALA de FIESTA - DISCOTECA;UNIDO A OTROS USOS;4;7;1.55
0622A;ESPECTÁCULOS;BAR MUSICAL -  SALA de FIESTA - DISCOTECA;UNIDO A OTROS USOS;1;1;3.3
0622B;ESPECTÁCULOS;BAR MUSICAL -  SALA de FIESTA - DISCOTECA;UNIDO A OTROS USOS;1;2;2.86
0622C;ESPECTÁCULOS;BAR MUSICAL -  SALA de FIESTA - DISCOTECA;UNIDO A OTROS USOS;1;3;2.53
06221;ESPECTÁCULOS;BAR MUSICAL -  SALA de FIESTA - DISCOTECA;UNIDO A OTROS USOS;1;4;2.2
06222;ESPECTÁCULOS;BAR MUSICAL -  SALA de FIESTA - DISCOTECA;UNIDO A OTROS USOS;2;5;1.95
06223;ESPECTÁCULOS;BAR MUSICAL -  SALA de FIESTA - DISCOTECA;UNIDO A OTROS USOS;3;6;1.75
06224;ESPECTÁCULOS;BAR MUSICAL -  SALA de FIESTA - DISCOTECA;UNIDO A OTROS USOS;4;7;1.55
06225;ESPECTÁCULOS;BAR MUSICAL -  SALA de FIESTA - DISCOTECA;UNIDO A OTROS USOS;5;8;1.4
06226;ESPECTÁCULOS;BAR MUSICAL -  SALA de FIESTA - DISCOTECA;UNIDO A OTROS USOS;6;9;1.25
06227;ESPECTÁCULOS;BAR MUSICAL -  SALA de FIESTA - DISCOTECA;UNIDO A OTROS USOS;7;10;1.1
06228;ESPECTÁCULOS;BAR MUSICAL -  SALA de FIESTA - DISCOTECA;UNIDO A OTROS USOS;8;11;1
06229;ESPECTÁCULOS;BAR MUSICAL -  SALA de FIESTA - DISCOTECA;UNIDO A OTROS USOS;9;12;0.9
0631;ESPECTÁCULOS;CINES Y TEATROS;CINES;4;7;1.8
0631A;ESPECTÁCULOS;CINES Y TEATROS;CINES;1;1;3.825
0631B;ESPECTÁCULOS;CINES Y TEATROS;CINES;1;2;3.315
0631C;ESPECTÁCULOS;CINES Y TEATROS;CINES;1;3;2.9325
06311;ESPECTÁCULOS;CINES Y TEATROS;CINES;1;4;2.55
06312;ESPECTÁCULOS;CINES Y TEATROS;CINES;2;5;2.3
06313;ESPECTÁCULOS;CINES Y TEATROS;CINES;3;6;2.05
06314;ESPECTÁCULOS;CINES Y TEATROS;CINES;4;7;1.8
06315;ESPECTÁCULOS;CINES Y TEATROS;CINES;5;8;1.6
06316;ESPECTÁCULOS;CINES Y TEATROS;CINES;6;9;1.45
06317;ESPECTÁCULOS;CINES Y TEATROS;CINES;7;10;1.3
06318;ESPECTÁCULOS;CINES Y TEATROS;CINES;8;11;1.15
06319;ESPECTÁCULOS;CINES Y TEATROS;CINES;9;12;1
0632;ESPECTÁCULOS;CINES Y TEATROS;TEATROS;4;7;1.9
0632A;ESPECTÁCULOS;CINES Y TEATROS;TEATROS;1;1;4.05
0632B;ESPECTÁCULOS;CINES Y TEATROS;TEATROS;1;2;3.51
0632C;ESPECTÁCULOS;CINES Y TEATROS;TEATROS;1;3;3.105
06321;ESPECTÁCULOS;CINES Y TEATROS;TEATROS;1;4;2.7
06322;ESPECTÁCULOS;CINES Y TEATROS;TEATROS;2;5;2.4
06323;ESPECTÁCULOS;CINES Y TEATROS;TEATROS;3;6;2.15
06324;ESPECTÁCULOS;CINES Y TEATROS;TEATROS;4;7;1.9
06325;ESPECTÁCULOS;CINES Y TEATROS;TEATROS;5;8;1.7
06326;ESPECTÁCULOS;CINES Y TEATROS;TEATROS;6;9;1.5
06327;ESPECTÁCULOS;CINES Y TEATROS;TEATROS;7;10;1.35
06328;ESPECTÁCULOS;CINES Y TEATROS;TEATROS;8;11;1.2
06329;ESPECTÁCULOS;CINES Y TEATROS;TEATROS;9;12;1.05
0711;OCIO Y HOSTELERÍA; CON RESIDENCIA;HOTELES - HOSTALES - MOTELES;4;7;1.9
0711A;OCIO Y HOSTELERÍA; CON RESIDENCIA;HOTELES - HOSTALES - MOTELES;1;1;3.975
0711B;OCIO Y HOSTELERÍA; CON RESIDENCIA;HOTELES - HOSTALES - MOTELES;1;2;3.445
0711C;OCIO Y HOSTELERÍA; CON RESIDENCIA;HOTELES - HOSTALES - MOTELES;1;3;3.0475
07111;OCIO Y HOSTELERÍA; CON RESIDENCIA;HOTELES - HOSTALES - MOTELES;1;4;2.65
07112;OCIO Y HOSTELERÍA; CON RESIDENCIA;HOTELES - HOSTALES - MOTELES;2;5;2.35
07113;OCIO Y HOSTELERÍA; CON RESIDENCIA;HOTELES - HOSTALES - MOTELES;3;6;2.1
07114;OCIO Y HOSTELERÍA; CON RESIDENCIA;HOTELES - HOSTALES - MOTELES;4;7;1.9
07115;OCIO Y HOSTELERÍA; CON RESIDENCIA;HOTELES - HOSTALES - MOTELES;5;8;1.7
07116;OCIO Y HOSTELERÍA; CON RESIDENCIA;HOTELES - HOSTALES - MOTELES;6;9;1.5
07117;OCIO Y HOSTELERÍA; CON RESIDENCIA;HOTELES - HOSTALES - MOTELES;7;10;1.35
07118;OCIO Y HOSTELERÍA; CON RESIDENCIA;HOTELES - HOSTALES - MOTELES;8;11;1.2
07119;OCIO Y HOSTELERÍA; CON RESIDENCIA;HOTELES - HOSTALES - MOTELES;9;12;1.05
0712;OCIO Y HOSTELERÍA; CON RESIDENCIA;APARTHOTELES - BUNGALOWS;4;7;2.05
0712A;OCIO Y HOSTELERÍA; CON RESIDENCIA;APARTHOTELES - BUNGALOWS;1;1;4.275
0712B;OCIO Y HOSTELERÍA; CON RESIDENCIA;APARTHOTELES - BUNGALOWS;1;2;3.705
0712C;OCIO Y HOSTELERÍA; CON RESIDENCIA;APARTHOTELES - BUNGALOWS;1;3;3.2775
07121;OCIO Y HOSTELERÍA; CON RESIDENCIA;APARTHOTELES - BUNGALOWS;1;4;2.85
07122;OCIO Y HOSTELERÍA; CON RESIDENCIA;APARTHOTELES - BUNGALOWS;2;5;2.55
07123;OCIO Y HOSTELERÍA; CON RESIDENCIA;APARTHOTELES - BUNGALOWS;3;6;2.3
07124;OCIO Y HOSTELERÍA; CON RESIDENCIA;APARTHOTELES - BUNGALOWS;4;7;2.05
07125;OCIO Y HOSTELERÍA; CON RESIDENCIA;APARTHOTELES - BUNGALOWS;5;8;1.85
07126;OCIO Y HOSTELERÍA; CON RESIDENCIA;APARTHOTELES - BUNGALOWS;6;9;1.65
07127;OCIO Y HOSTELERÍA; CON RESIDENCIA;APARTHOTELES - BUNGALOWS;7;10;1.45
07128;OCIO Y HOSTELERÍA; CON RESIDENCIA;APARTHOTELES - BUNGALOWS;8;11;1.3
07129;OCIO Y HOSTELERÍA; CON RESIDENCIA;APARTHOTELES - BUNGALOWS;9;12;1.15
0721;OCIO Y HOSTELERÍA;SIN RESIDENCIA;RESTAURANTES;4;7;1.75
0721A;OCIO Y HOSTELERÍA;SIN RESIDENCIA;RESTAURANTES;1;1;3.9
0721B;OCIO Y HOSTELERÍA;SIN RESIDENCIA;RESTAURANTES;1;2;3.38
0721C;OCIO Y HOSTELERÍA;SIN RESIDENCIA;RESTAURANTES;1;3;2.99
07211;OCIO Y HOSTELERÍA;SIN RESIDENCIA;RESTAURANTES;1;4;2.6
07212;OCIO Y HOSTELERÍA;SIN RESIDENCIA;RESTAURANTES;2;5;2.35
07213;OCIO Y HOSTELERÍA;SIN RESIDENCIA;RESTAURANTES;3;6;2
07214;OCIO Y HOSTELERÍA;SIN RESIDENCIA;RESTAURANTES;4;7;1.75
07215;OCIO Y HOSTELERÍA;SIN RESIDENCIA;RESTAURANTES;5;8;1.5
07216;OCIO Y HOSTELERÍA;SIN RESIDENCIA;RESTAURANTES;6;9;1.35
07217;OCIO Y HOSTELERÍA;SIN RESIDENCIA;RESTAURANTES;7;10;1.2
07218;OCIO Y HOSTELERÍA;SIN RESIDENCIA;RESTAURANTES;8;11;1.05
07219;OCIO Y HOSTELERÍA;SIN RESIDENCIA;RESTAURANTES;9;12;0.95
0722;OCIO Y HOSTELERÍA;SIN RESIDENCIA;BAR - CAFETERÍA;4;7;1.5
0722A;OCIO Y HOSTELERÍA;SIN RESIDENCIA;BAR - CAFETERÍA;1;1;3.525
0722B;OCIO Y HOSTELERÍA;SIN RESIDENCIA;BAR - CAFETERÍA;1;2;3.055
0722C;OCIO Y HOSTELERÍA;SIN RESIDENCIA;BAR - CAFETERÍA;1;3;2.7025
07221;OCIO Y HOSTELERÍA;SIN RESIDENCIA;BAR - CAFETERÍA;1;4;2.35
07222;OCIO Y HOSTELERÍA;SIN RESIDENCIA;BAR - CAFETERÍA;2;5;2
07223;OCIO Y HOSTELERÍA;SIN RESIDENCIA;BAR - CAFETERÍA;3;6;1.7
07224;OCIO Y HOSTELERÍA;SIN RESIDENCIA;BAR - CAFETERÍA;4;7;1.5
07225;OCIO Y HOSTELERÍA;SIN RESIDENCIA;BAR - CAFETERÍA;5;8;1.3
07226;OCIO Y HOSTELERÍA;SIN RESIDENCIA;BAR - CAFETERÍA;6;9;1.15
07227;OCIO Y HOSTELERÍA;SIN RESIDENCIA;BAR - CAFETERÍA;7;10;1
07228;OCIO Y HOSTELERÍA;SIN RESIDENCIA;BAR - CAFETERÍA;8;11;0.9
07229;OCIO Y HOSTELERÍA;SIN RESIDENCIA;BAR - CAFETERÍA;9;12;0.8
0731;OCIO Y HOSTELERÍA;EXPOSICIONES - REUNIONES;CASINO - CLUB SOCIAL;4;7;1.9
0731A;OCIO Y HOSTELERÍA;EXPOSICIONES - REUNIONES;CASINO - CLUB SOCIAL;1;1;3.9
0731B;OCIO Y HOSTELERÍA;EXPOSICIONES - REUNIONES;CASINO - CLUB SOCIAL;1;2;3.38
0731C;OCIO Y HOSTELERÍA;EXPOSICIONES - REUNIONES;CASINO - CLUB SOCIAL;1;3;2.99
07311;OCIO Y HOSTELERÍA;EXPOSICIONES - REUNIONES;CASINO - CLUB SOCIAL;1;4;2.6
07312;OCIO Y HOSTELERÍA;EXPOSICIONES - REUNIONES;CASINO - CLUB SOCIAL;2;5;2.35
07313;OCIO Y HOSTELERÍA;EXPOSICIONES - REUNIONES;CASINO - CLUB SOCIAL;3;6;2.1
07314;OCIO Y HOSTELERÍA;EXPOSICIONES - REUNIONES;CASINO - CLUB SOCIAL;4;7;1.9
07315;OCIO Y HOSTELERÍA;EXPOSICIONES - REUNIONES;CASINO - CLUB SOCIAL;5;8;1.7
07316;OCIO Y HOSTELERÍA;EXPOSICIONES - REUNIONES;CASINO - CLUB SOCIAL;6;9;1.5
07317;OCIO Y HOSTELERÍA;EXPOSICIONES - REUNIONES;CASINO - CLUB SOCIAL;7;10;1.35
07318;OCIO Y HOSTELERÍA;EXPOSICIONES - REUNIONES;CASINO - CLUB SOCIAL;8;11;1.2
07319;OCIO Y HOSTELERÍA;EXPOSICIONES - REUNIONES;CASINO - CLUB SOCIAL;9;12;1.05
0732;OCIO Y HOSTELERÍA;EXPOSICIONES - REUNIONES;EXPOSICIONES - CONGRESOS;4;7;1.8
0732A;OCIO Y HOSTELERÍA;EXPOSICIONES - REUNIONES;EXPOSICIONES - CONGRESOS;1;1;3.75
0732B;OCIO Y HOSTELERÍA;EXPOSICIONES - REUNIONES;EXPOSICIONES - CONGRESOS;1;2;3.25
0732C;OCIO Y HOSTELERÍA;EXPOSICIONES - REUNIONES;EXPOSICIONES - CONGRESOS;1;3;2.875
07321;OCIO Y HOSTELERÍA;EXPOSICIONES - REUNIONES;EXPOSICIONES - CONGRESOS;1;4;2.5
07322;OCIO Y HOSTELERÍA;EXPOSICIONES - REUNIONES;EXPOSICIONES - CONGRESOS;2;5;2.25
07323;OCIO Y HOSTELERÍA;EXPOSICIONES - REUNIONES;EXPOSICIONES - CONGRESOS;3;6;2
07324;OCIO Y HOSTELERÍA;EXPOSICIONES - REUNIONES;EXPOSICIONES - CONGRESOS;4;7;1.8
07325;OCIO Y HOSTELERÍA;EXPOSICIONES - REUNIONES;EXPOSICIONES - CONGRESOS;5;8;1.6
07326;OCIO Y HOSTELERÍA;EXPOSICIONES - REUNIONES;EXPOSICIONES - CONGRESOS;6;9;1.45
07327;OCIO Y HOSTELERÍA;EXPOSICIONES - REUNIONES;EXPOSICIONES - CONGRESOS;7;10;1.25
07328;OCIO Y HOSTELERÍA;EXPOSICIONES - REUNIONES;EXPOSICIONES - CONGRESOS;8;11;1.1
07329;OCIO Y HOSTELERÍA;EXPOSICIONES - REUNIONES;EXPOSICIONES - CONGRESOS;9;12;1
0811;OCIO Y HOSTELERÍA;SANITARIOS CON CAMAS;SANATORIOS - CLINICAS;4;7;2.25
0811A;OCIO Y HOSTELERÍA;SANITARIOS CON CAMAS;SANATORIOS - CLINICAS;1;1;4.725
0811B;OCIO Y HOSTELERÍA;SANITARIOS CON CAMAS;SANATORIOS - CLINICAS;1;2;4.095
0811C;OCIO Y HOSTELERÍA;SANITARIOS CON CAMAS;SANATORIOS - CLINICAS;1;3;3.6225
08111;OCIO Y HOSTELERÍA;SANITARIOS CON CAMAS;SANATORIOS - CLINICAS;1;4;3.15
08112;OCIO Y HOSTELERÍA;SANITARIOS CON CAMAS;SANATORIOS - CLINICAS;2;5;2.8
08113;OCIO Y HOSTELERÍA;SANITARIOS CON CAMAS;SANATORIOS - CLINICAS;3;6;2.5
08114;OCIO Y HOSTELERÍA;SANITARIOS CON CAMAS;SANATORIOS - CLINICAS;4;7;2.25
08115;OCIO Y HOSTELERÍA;SANITARIOS CON CAMAS;SANATORIOS - CLINICAS;5;8;2
08116;OCIO Y HOSTELERÍA;SANITARIOS CON CAMAS;SANATORIOS - CLINICAS;6;9;1.8
08117;OCIO Y HOSTELERÍA;SANITARIOS CON CAMAS;SANATORIOS - CLINICAS;7;10;1.6
08118;OCIO Y HOSTELERÍA;SANITARIOS CON CAMAS;SANATORIOS - CLINICAS;8;11;1.45
08119;OCIO Y HOSTELERÍA;SANITARIOS CON CAMAS;SANATORIOS - CLINICAS;9;12;1.3
0812;OCIO Y HOSTELERÍA;SANITARIOS CON CAMAS;HOSPITAL;4;7;2.15
0812A;OCIO Y HOSTELERÍA;SANITARIOS CON CAMAS;HOSPITAL;1;1;4.575
0812B;OCIO Y HOSTELERÍA;SANITARIOS CON CAMAS;HOSPITAL;1;2;3.965
0812C;OCIO Y HOSTELERÍA;SANITARIOS CON CAMAS;HOSPITAL;1;3;3.5075
08121;OCIO Y HOSTELERÍA;SANITARIOS CON CAMAS;HOSPITAL;1;4;3.05
08122;OCIO Y HOSTELERÍA;SANITARIOS CON CAMAS;HOSPITAL;2;5;2.7
08123;OCIO Y HOSTELERÍA;SANITARIOS CON CAMAS;HOSPITAL;3;6;2.4
08124;OCIO Y HOSTELERÍA;SANITARIOS CON CAMAS;HOSPITAL;4;7;2.15
08125;OCIO Y HOSTELERÍA;SANITARIOS CON CAMAS;HOSPITAL;5;8;1.9
08126;OCIO Y HOSTELERÍA;SANITARIOS CON CAMAS;HOSPITAL;6;9;1.7
08127;OCIO Y HOSTELERÍA;SANITARIOS CON CAMAS;HOSPITAL;7;10;1.5
08128;OCIO Y HOSTELERÍA;SANITARIOS CON CAMAS;HOSPITAL;8;11;1.35
08129;OCIO Y HOSTELERÍA;SANITARIOS CON CAMAS;HOSPITAL;9;12;1.2
0821;SANIDAD Y BENEFICENCIA;SANITARIOS VARIOS;AMBULATORIO - CONSULTORIO;4;7;1.7
0821A;SANIDAD Y BENEFICENCIA;SANITARIOS VARIOS;AMBULATORIO - CONSULTORIO;1;1;3.6
0821B;SANIDAD Y BENEFICENCIA;SANITARIOS VARIOS;AMBULATORIO - CONSULTORIO;1;2;3.12
0821C;SANIDAD Y BENEFICENCIA;SANITARIOS VARIOS;AMBULATORIO - CONSULTORIO;1;3;2.76
08211;SANIDAD Y BENEFICENCIA;SANITARIOS VARIOS;AMBULATORIO - CONSULTORIO;1;4;2.4
08212;SANIDAD Y BENEFICENCIA;SANITARIOS VARIOS;AMBULATORIO - CONSULTORIO;2;5;2.15
08213;SANIDAD Y BENEFICENCIA;SANITARIOS VARIOS;AMBULATORIO - CONSULTORIO;3;6;1.9
08214;SANIDAD Y BENEFICENCIA;SANITARIOS VARIOS;AMBULATORIO - CONSULTORIO;4;7;1.7
08215;SANIDAD Y BENEFICENCIA;SANITARIOS VARIOS;AMBULATORIO - CONSULTORIO;5;8;1.5
08216;SANIDAD Y BENEFICENCIA;SANITARIOS VARIOS;AMBULATORIO - CONSULTORIO;6;9;1.35
08217;SANIDAD Y BENEFICENCIA;SANITARIOS VARIOS;AMBULATORIO - CONSULTORIO;7;10;1.2
08218;SANIDAD Y BENEFICENCIA;SANITARIOS VARIOS;AMBULATORIO - CONSULTORIO;8;11;1.05
08219;SANIDAD Y BENEFICENCIA;SANITARIOS VARIOS;AMBULATORIO - CONSULTORIO;9;12;0.95
0822;SANIDAD Y BENEFICENCIA;SANITARIOS VARIOS;BALNEARIO - CASA DE BAÑO;4;7;1.9
0822A;SANIDAD Y BENEFICENCIA;SANITARIOS VARIOS;BALNEARIO - CASA DE BAÑO;1;1;3.975
0822B;SANIDAD Y BENEFICENCIA;SANITARIOS VARIOS;BALNEARIO - CASA DE BAÑO;1;2;3.445
0822C;SANIDAD Y BENEFICENCIA;SANITARIOS VARIOS;BALNEARIO - CASA DE BAÑO;1;3;3.0475
08221;SANIDAD Y BENEFICENCIA;SANITARIOS VARIOS;BALNEARIO - CASA DE BAÑO;1;4;2.65
08222;SANIDAD Y BENEFICENCIA;SANITARIOS VARIOS;BALNEARIO - CASA DE BAÑO;2;5;2.35
08223;SANIDAD Y BENEFICENCIA;SANITARIOS VARIOS;BALNEARIO - CASA DE BAÑO;3;6;2.1
08224;SANIDAD Y BENEFICENCIA;SANITARIOS VARIOS;BALNEARIO - CASA DE BAÑO;4;7;1.9
08225;SANIDAD Y BENEFICENCIA;SANITARIOS VARIOS;BALNEARIO - CASA DE BAÑO;5;8;1.7
08226;SANIDAD Y BENEFICENCIA;SANITARIOS VARIOS;BALNEARIO - CASA DE BAÑO;6;9;1.5
08227;SANIDAD Y BENEFICENCIA;SANITARIOS VARIOS;BALNEARIO - CASA DE BAÑO;7;10;1.35
08228;SANIDAD Y BENEFICENCIA;SANITARIOS VARIOS;BALNEARIO - CASA DE BAÑO;8;11;1.2
08229;SANIDAD Y BENEFICENCIA;SANITARIOS VARIOS;BALNEARIO - CASA DE BAÑO;9;12;1.05
0831;SANIDAD Y BENEFICENCIA;BENEFICOS - ASISTENCIA;CON RESIDENCIA;4;7;1.8
0831A;SANIDAD Y BENEFICENCIA;BENEFICOS - ASISTENCIA;CON RESIDENCIA;1;1;3.675
0831B;SANIDAD Y BENEFICENCIA;BENEFICOS - ASISTENCIA;CON RESIDENCIA;1;2;3.185
0831C;SANIDAD Y BENEFICENCIA;BENEFICOS - ASISTENCIA;CON RESIDENCIA;1;3;2.8175
08311;SANIDAD Y BENEFICENCIA;BENEFICOS - ASISTENCIA;CON RESIDENCIA;1;4;2.45
08312;SANIDAD Y BENEFICENCIA;BENEFICOS - ASISTENCIA;CON RESIDENCIA;2;5;2.2
08313;SANIDAD Y BENEFICENCIA;BENEFICOS - ASISTENCIA;CON RESIDENCIA;3;6;2
08314;SANIDAD Y BENEFICENCIA;BENEFICOS - ASISTENCIA;CON RESIDENCIA;4;7;1.8
08315;SANIDAD Y BENEFICENCIA;BENEFICOS - ASISTENCIA;CON RESIDENCIA;5;8;1.6
08316;SANIDAD Y BENEFICENCIA;BENEFICOS - ASISTENCIA;CON RESIDENCIA;6;9;1.4
08317;SANIDAD Y BENEFICENCIA;BENEFICOS - ASISTENCIA;CON RESIDENCIA;7;10;1.25
08318;SANIDAD Y BENEFICENCIA;BENEFICOS - ASISTENCIA;CON RESIDENCIA;8;11;1.1
08319;SANIDAD Y BENEFICENCIA;BENEFICOS - ASISTENCIA;CON RESIDENCIA;9;12;1
0832;SANIDAD Y BENEFICENCIA;BENEFICOS - ASISTENCIA;SIN RESIDENCIA;4;7;1.4
0832A;SANIDAD Y BENEFICENCIA;BENEFICOS - ASISTENCIA;SIN RESIDENCIA;1;1;2.925
0832B;SANIDAD Y BENEFICENCIA;BENEFICOS - ASISTENCIA;SIN RESIDENCIA;1;2;2.535
0832C;SANIDAD Y BENEFICENCIA;BENEFICOS - ASISTENCIA;SIN RESIDENCIA;1;3;2.2425
08321;SANIDAD Y BENEFICENCIA;BENEFICOS - ASISTENCIA;SIN RESIDENCIA;1;4;1.95
08322;SANIDAD Y BENEFICENCIA;BENEFICOS - ASISTENCIA;SIN RESIDENCIA;2;5;1.75
08323;SANIDAD Y BENEFICENCIA;BENEFICOS - ASISTENCIA;SIN RESIDENCIA;3;6;1.55
08324;SANIDAD Y BENEFICENCIA;BENEFICOS - ASISTENCIA;SIN RESIDENCIA;4;7;1.4
08325;SANIDAD Y BENEFICENCIA;BENEFICOS - ASISTENCIA;SIN RESIDENCIA;5;8;1.25
08326;SANIDAD Y BENEFICENCIA;BENEFICOS - ASISTENCIA;SIN RESIDENCIA;6;9;1.1
08327;SANIDAD Y BENEFICENCIA;BENEFICOS - ASISTENCIA;SIN RESIDENCIA;7;10;1
08328;SANIDAD Y BENEFICENCIA;BENEFICOS - ASISTENCIA;SIN RESIDENCIA;8;11;0.9
08329;SANIDAD Y BENEFICENCIA;BENEFICOS - ASISTENCIA;SIN RESIDENCIA;9;12;0.8
0911;CULTURAL - RELIGIOSO;CULTURAL CON RESIDENCIA;INTERNADO;4;7;1.7
0911A;CULTURAL - RELIGIOSO;CULTURAL CON RESIDENCIA;INTERNADO;1;1;3.6
0911B;CULTURAL - RELIGIOSO;CULTURAL CON RESIDENCIA;INTERNADO;1;2;3.12
0911C;CULTURAL - RELIGIOSO;CULTURAL CON RESIDENCIA;INTERNADO;1;3;2.76
9111;CULTURAL - RELIGIOSO;CULTURAL CON RESIDENCIA;INTERNADO;1;4;2.4
9112;CULTURAL - RELIGIOSO;CULTURAL CON RESIDENCIA;INTERNADO;2;5;2.15
9113;CULTURAL - RELIGIOSO;CULTURAL CON RESIDENCIA;INTERNADO;3;6;1.9
9114;CULTURAL - RELIGIOSO;CULTURAL CON RESIDENCIA;INTERNADO;4;7;1.7
9115;CULTURAL - RELIGIOSO;CULTURAL CON RESIDENCIA;INTERNADO;5;8;1.5
9116;CULTURAL - RELIGIOSO;CULTURAL CON RESIDENCIA;INTERNADO;6;9;1.35
9117;CULTURAL - RELIGIOSO;CULTURAL CON RESIDENCIA;INTERNADO;7;10;1.2
9118;CULTURAL - RELIGIOSO;CULTURAL CON RESIDENCIA;INTERNADO;8;11;1.05
9119;CULTURAL - RELIGIOSO;CULTURAL CON RESIDENCIA;INTERNADO;9;12;0.95
0912;CULTURAL - RELIGIOSO;CULTURAL CON RESIDENCIA;COLEGIO MAYOR;4;7;1.9
0912A;CULTURAL - RELIGIOSO;CULTURAL CON RESIDENCIA;COLEGIO MAYOR;1;1;3.9
0912B;CULTURAL - RELIGIOSO;CULTURAL CON RESIDENCIA;COLEGIO MAYOR;1;2;3.38
0912C;CULTURAL - RELIGIOSO;CULTURAL CON RESIDENCIA;COLEGIO MAYOR;1;3;2.99
09121;CULTURAL - RELIGIOSO;CULTURAL CON RESIDENCIA;COLEGIO MAYOR;1;4;2.6
09122;CULTURAL - RELIGIOSO;CULTURAL CON RESIDENCIA;COLEGIO MAYOR;2;5;2.35
09123;CULTURAL - RELIGIOSO;CULTURAL CON RESIDENCIA;COLEGIO MAYOR;3;6;2.1
09124;CULTURAL - RELIGIOSO;CULTURAL CON RESIDENCIA;COLEGIO MAYOR;4;7;1.9
09125;CULTURAL - RELIGIOSO;CULTURAL CON RESIDENCIA;COLEGIO MAYOR;5;8;1.7
09126;CULTURAL - RELIGIOSO;CULTURAL CON RESIDENCIA;COLEGIO MAYOR;6;9;1.5
09127;CULTURAL - RELIGIOSO;CULTURAL CON RESIDENCIA;COLEGIO MAYOR;7;10;1.35
09128;CULTURAL - RELIGIOSO;CULTURAL CON RESIDENCIA;COLEGIO MAYOR;8;11;1.2
09129;CULTURAL - RELIGIOSO;CULTURAL CON RESIDENCIA;COLEGIO MAYOR;9;12;1.05
0921;CULTURAL - RELIGIOSO;CULTURAL SIN RESIDENCIA;FACULTAD - COLEGIO - ESCUELA;4;7;1.4
0921A;CULTURAL - RELIGIOSO;CULTURAL SIN RESIDENCIA;FACULTAD - COLEGIO - ESCUELA;1;1;2.925
0921B;CULTURAL - RELIGIOSO;CULTURAL SIN RESIDENCIA;FACULTAD - COLEGIO - ESCUELA;1;2;2.535
0921C;CULTURAL - RELIGIOSO;CULTURAL SIN RESIDENCIA;FACULTAD - COLEGIO - ESCUELA;1;3;2.2425
09211;CULTURAL - RELIGIOSO;CULTURAL SIN RESIDENCIA;FACULTAD - COLEGIO - ESCUELA;1;4;1.95
09212;CULTURAL - RELIGIOSO;CULTURAL SIN RESIDENCIA;FACULTAD - COLEGIO - ESCUELA;2;5;1.75
09213;CULTURAL - RELIGIOSO;CULTURAL SIN RESIDENCIA;FACULTAD - COLEGIO - ESCUELA;3;6;1.55
09214;CULTURAL - RELIGIOSO;CULTURAL SIN RESIDENCIA;FACULTAD - COLEGIO - ESCUELA;4;7;1.4
09215;CULTURAL - RELIGIOSO;CULTURAL SIN RESIDENCIA;FACULTAD - COLEGIO - ESCUELA;5;8;1.25
09216;CULTURAL - RELIGIOSO;CULTURAL SIN RESIDENCIA;FACULTAD - COLEGIO - ESCUELA;6;9;1.1
09217;CULTURAL - RELIGIOSO;CULTURAL SIN RESIDENCIA;FACULTAD - COLEGIO - ESCUELA;7;10;1
09218;CULTURAL - RELIGIOSO;CULTURAL SIN RESIDENCIA;FACULTAD - COLEGIO - ESCUELA;8;11;0.9
09219;CULTURAL - RELIGIOSO;CULTURAL SIN RESIDENCIA;FACULTAD - COLEGIO - ESCUELA;9;12;0.8
0922;CULTURAL - RELIGIOSO;CULTURAL SIN RESIDENCIA;BIBLIOTECA - MUSEO;4;7;1.65
0922A;CULTURAL - RELIGIOSO;CULTURAL SIN RESIDENCIA;BIBLIOTECA - MUSEO;1;1;3.45
0922B;CULTURAL - RELIGIOSO;CULTURAL SIN RESIDENCIA;BIBLIOTECA - MUSEO;1;2;2.99
0922C;CULTURAL - RELIGIOSO;CULTURAL SIN RESIDENCIA;BIBLIOTECA - MUSEO;1;3;2.645
09221;CULTURAL - RELIGIOSO;CULTURAL SIN RESIDENCIA;BIBLIOTECA - MUSEO;1;4;2.3
09222;CULTURAL - RELIGIOSO;CULTURAL SIN RESIDENCIA;BIBLIOTECA - MUSEO;2;5;2.05
09223;CULTURAL - RELIGIOSO;CULTURAL SIN RESIDENCIA;BIBLIOTECA - MUSEO;3;6;1.85
09224;CULTURAL - RELIGIOSO;CULTURAL SIN RESIDENCIA;BIBLIOTECA - MUSEO;4;7;1.65
09225;CULTURAL - RELIGIOSO;CULTURAL SIN RESIDENCIA;BIBLIOTECA - MUSEO;5;8;1.45
09226;CULTURAL - RELIGIOSO;CULTURAL SIN RESIDENCIA;BIBLIOTECA - MUSEO;6;9;1.3
09227;CULTURAL - RELIGIOSO;CULTURAL SIN RESIDENCIA;BIBLIOTECA - MUSEO;7;10;1.15
09228;CULTURAL - RELIGIOSO;CULTURAL SIN RESIDENCIA;BIBLIOTECA - MUSEO;8;11;1
09229;CULTURAL - RELIGIOSO;CULTURAL SIN RESIDENCIA;BIBLIOTECA - MUSEO;9;12;0.9
0931;CULTURAL - RELIGIOSO;RELIGIOSO;CONVENTO - CENTRO PARROQUIAL;4;7;1.25
0931A;CULTURAL - RELIGIOSO;RELIGIOSO;CONVENTO - CENTRO PARROQUIAL;1;1;2.625
0931B;CULTURAL - RELIGIOSO;RELIGIOSO;CONVENTO - CENTRO PARROQUIAL;1;2;2.275
0931C;CULTURAL - RELIGIOSO;RELIGIOSO;CONVENTO - CENTRO PARROQUIAL;1;3;2.0125
09311;CULTURAL - RELIGIOSO;RELIGIOSO;CONVENTO - CENTRO PARROQUIAL;1;4;1.75
09312;CULTURAL - RELIGIOSO;RELIGIOSO;CONVENTO - CENTRO PARROQUIAL;2;5;1.55
09313;CULTURAL - RELIGIOSO;RELIGIOSO;CONVENTO - CENTRO PARROQUIAL;3;6;1.4
09314;CULTURAL - RELIGIOSO;RELIGIOSO;CONVENTO - CENTRO PARROQUIAL;4;7;1.25
09315;CULTURAL - RELIGIOSO;RELIGIOSO;CONVENTO - CENTRO PARROQUIAL;5;8;1.1
09316;CULTURAL - RELIGIOSO;RELIGIOSO;CONVENTO - CENTRO PARROQUIAL;6;9;1
09317;CULTURAL - RELIGIOSO;RELIGIOSO;CONVENTO - CENTRO PARROQUIAL;7;10;0.9
09318;CULTURAL - RELIGIOSO;RELIGIOSO;CONVENTO - CENTRO PARROQUIAL;8;11;0.8
09319;CULTURAL - RELIGIOSO;RELIGIOSO;CONVENTO - CENTRO PARROQUIAL;9;12;0.7
0932;CULTURAL - RELIGIOSO;RELIGIOSO;IGLESIAS Y CAPILLAS;4;7;2
0932A;CULTURAL - RELIGIOSO;RELIGIOSO;IGLESIAS Y CAPILLAS;1;1;4.35
0932B;CULTURAL - RELIGIOSO;RELIGIOSO;IGLESIAS Y CAPILLAS;1;2;3.77
0932C;CULTURAL - RELIGIOSO;RELIGIOSO;IGLESIAS Y CAPILLAS;1;3;3.335
09321;CULTURAL - RELIGIOSO;RELIGIOSO;IGLESIAS Y CAPILLAS;1;4;2.9
09322;CULTURAL - RELIGIOSO;RELIGIOSO;IGLESIAS Y CAPILLAS;2;5;2.6
09323;CULTURAL - RELIGIOSO;RELIGIOSO;IGLESIAS Y CAPILLAS;3;6;2.3
09324;CULTURAL - RELIGIOSO;RELIGIOSO;IGLESIAS Y CAPILLAS;4;7;2
09325;CULTURAL - RELIGIOSO;RELIGIOSO;IGLESIAS Y CAPILLAS;5;8;1.8
09326;CULTURAL - RELIGIOSO;RELIGIOSO;IGLESIAS Y CAPILLAS;6;9;1.6
09327;CULTURAL - RELIGIOSO;RELIGIOSO;IGLESIAS Y CAPILLAS;7;10;1.4
09328;CULTURAL - RELIGIOSO;RELIGIOSO;IGLESIAS Y CAPILLAS;8;11;1.2
09329;CULTURAL - RELIGIOSO;RELIGIOSO;IGLESIAS Y CAPILLAS;9;12;1.05
1011;EDIFICIOS SINGULARES;HISTORICO ARTISTICO;HISTORICO ARTISTICO - MONUMENTAL;4;7;2
1011A;EDIFICIOS SINGULARES;HISTORICO ARTISTICO;HISTORICO ARTISTICO - MONUMENTAL;1;1;4.35
1011B;EDIFICIOS SINGULARES;HISTORICO ARTISTICO;HISTORICO ARTISTICO - MONUMENTAL;1;2;3.77
1011C;EDIFICIOS SINGULARES;HISTORICO ARTISTICO;HISTORICO ARTISTICO - MONUMENTAL;1;3;3.335
10111;EDIFICIOS SINGULARES;HISTORICO ARTISTICO;HISTORICO ARTISTICO - MONUMENTAL;1;4;2.9
10112;EDIFICIOS SINGULARES;HISTORICO ARTISTICO;HISTORICO ARTISTICO - MONUMENTAL;2;5;2.6
10113;EDIFICIOS SINGULARES;HISTORICO ARTISTICO;HISTORICO ARTISTICO - MONUMENTAL;3;6;2.3
10114;EDIFICIOS SINGULARES;HISTORICO ARTISTICO;HISTORICO ARTISTICO - MONUMENTAL;4;7;2
10115;EDIFICIOS SINGULARES;HISTORICO ARTISTICO;HISTORICO ARTISTICO - MONUMENTAL;5;8;1.8
10116;EDIFICIOS SINGULARES;HISTORICO ARTISTICO;HISTORICO ARTISTICO - MONUMENTAL;6;9;1.6
10117;EDIFICIOS SINGULARES;HISTORICO ARTISTICO;HISTORICO ARTISTICO - MONUMENTAL;7;10;1.4
10118;EDIFICIOS SINGULARES;HISTORICO ARTISTICO;HISTORICO ARTISTICO - MONUMENTAL;8;11;1.2
10119;EDIFICIOS SINGULARES;HISTORICO ARTISTICO;HISTORICO ARTISTICO - MONUMENTAL;9;12;1.05
1012;EDIFICIOS SINGULARES;HISTORICO ARTISTICO;HISTORICO ARTISTICO - AMBIENTAL - TÍPICO;4;7;1.65
1012A;EDIFICIOS SINGULARES;HISTORICO ARTISTICO;HISTORICO ARTISTICO - AMBIENTAL - TÍPICO;1;1;3.45
1012B;EDIFICIOS SINGULARES;HISTORICO ARTISTICO;HISTORICO ARTISTICO - AMBIENTAL - TÍPICO;1;2;2.99
1012C;EDIFICIOS SINGULARES;HISTORICO ARTISTICO;HISTORICO ARTISTICO - AMBIENTAL - TÍPICO;1;3;2.645
10121;EDIFICIOS SINGULARES;HISTORICO ARTISTICO;HISTORICO ARTISTICO - AMBIENTAL - TÍPICO;1;4;2.3
10122;EDIFICIOS SINGULARES;HISTORICO ARTISTICO;HISTORICO ARTISTICO - AMBIENTAL O TÍPICO;2;5;2.05
10123;EDIFICIOS SINGULARES;HISTORICO ARTISTICO;HISTORICO ARTISTICO - AMBIENTAL O TÍPICO;3;6;1.85
10124;EDIFICIOS SINGULARES;HISTORICO ARTISTICO;HISTORICO ARTISTICO - AMBIENTAL O TÍPICO;4;7;1.65
10125;EDIFICIOS SINGULARES;HISTORICO ARTISTICO;HISTORICO ARTISTICO - AMBIENTAL O TÍPICO;5;8;1.45
10126;EDIFICIOS SINGULARES;HISTORICO ARTISTICO;HISTORICO ARTISTICO - AMBIENTAL O TÍPICO;6;9;1.3
10127;EDIFICIOS SINGULARES;HISTORICO ARTISTICO;HISTORICO ARTISTICO - AMBIENTAL O TÍPICO;7;10;1.15
10128;EDIFICIOS SINGULARES;HISTORICO ARTISTICO;HISTORICO ARTISTICO - AMBIENTAL O TÍPICO;8;11;1
10129;EDIFICIOS SINGULARES;HISTORICO ARTISTICO;HISTORICO ARTISTICO - AMBIENTAL O TÍPICO;9;12;0.9
1021;EDIFICIOS SINGULARES;DE CARACTER OFICIAL;ADMINISTRATIVO;4;7;1.6
1021A;EDIFICIOS SINGULARES;DE CARACTER OFICIAL;ADMINISTRATIVO;1;1;3.825
1021B;EDIFICIOS SINGULARES;DE CARACTER OFICIAL;ADMINISTRATIVO;1;2;3.315
1021C;EDIFICIOS SINGULARES;DE CARACTER OFICIAL;ADMINISTRATIVO;1;3;2.9325
10211;EDIFICIOS SINGULARES;DE CARACTER OFICIAL;ADMINISTRATIVO;1;4;2.55
10212;EDIFICIOS SINGULARES;DE CARACTER OFICIAL;ADMINISTRATIVO;2;5;2.2
10213;EDIFICIOS SINGULARES;DE CARACTER OFICIAL;ADMINISTRATIVO;3;6;1.85
10214;EDIFICIOS SINGULARES;DE CARACTER OFICIAL;ADMINISTRATIVO;4;7;1.6
10215;EDIFICIOS SINGULARES;DE CARACTER OFICIAL;ADMINISTRATIVO;5;8;1.3
10216;EDIFICIOS SINGULARES;DE CARACTER OFICIAL;ADMINISTRATIVO;6;9;1.15
10217;EDIFICIOS SINGULARES;DE CARACTER OFICIAL;ADMINISTRATIVO;7;10;1
10218;EDIFICIOS SINGULARES;DE CARACTER OFICIAL;ADMINISTRATIVO;8;11;0.9
10219;EDIFICIOS SINGULARES;DE CARACTER OFICIAL;ADMINISTRATIVO;9;12;0.8
1022;EDIFICIOS SINGULARES;DE CARACTER OFICIAL;REPRESENTATIVO;4;7;1.75
1022A;EDIFICIOS SINGULARES;DE CARACTER OFICIAL;REPRESENTATIVO;1;1;4.125
1022B;EDIFICIOS SINGULARES;DE CARACTER OFICIAL;REPRESENTATIVO;1;2;3.575
1022C;EDIFICIOS SINGULARES;DE CARACTER OFICIAL;REPRESENTATIVO;1;3;3.1625
10221;EDIFICIOS SINGULARES;DE CARACTER OFICIAL;REPRESENTATIVO;1;4;2.75
10222;EDIFICIOS SINGULARES;DE CARACTER OFICIAL;REPRESENTATIVO;2;5;2.35
10223;EDIFICIOS SINGULARES;DE CARACTER OFICIAL;REPRESENTATIVO;3;6;2
10224;EDIFICIOS SINGULARES;DE CARACTER OFICIAL;REPRESENTATIVO;4;7;1.75
10225;EDIFICIOS SINGULARES;DE CARACTER OFICIAL;REPRESENTATIVO;5;8;1.5
10226;EDIFICIOS SINGULARES;DE CARACTER OFICIAL;REPRESENTATIVO;6;9;1.35
10227;EDIFICIOS SINGULARES;DE CARACTER OFICIAL;REPRESENTATIVO;7;10;1.2
10228;EDIFICIOS SINGULARES;DE CARACTER OFICIAL;REPRESENTATIVO;8;11;1.05
10229;EDIFICIOS SINGULARES;DE CARACTER OFICIAL;REPRESENTATIVO;9;12;0.95
1031;EDIFICIOS SINGULARES;DE CARACTER ESPECIAL;PENITENCIARIO - MILITAR - VARIOS;4;7;1.55
1031A;EDIFICIOS SINGULARES;DE CARACTER ESPECIAL;PENITENCIARIO - MILITAR - VARIOS;1;1;3.3
1031B;EDIFICIOS SINGULARES;DE CARACTER ESPECIAL;PENITENCIARIO - MILITAR - VARIOS;1;2;2.86
1031C;EDIFICIOS SINGULARES;DE CARACTER ESPECIAL;PENITENCIARIO - MILITAR - VARIOS;1;3;2.53
10311;EDIFICIOS SINGULARES;DE CARACTER ESPECIAL;PENITENCIARIO - MILITAR - VARIOS;1;4;2.2
10312;EDIFICIOS SINGULARES;DE CARACTER ESPECIAL;PENITENCIARIO - MILITAR - VARIOS;2;5;1.95
10313;EDIFICIOS SINGULARES;DE CARACTER ESPECIAL;PENITENCIARIO - MILITAR - VARIOS;3;6;1.75
10314;EDIFICIOS SINGULARES;DE CARACTER ESPECIAL;PENITENCIARIO - MILITAR - VARIOS;4;7;1.55
10315;EDIFICIOS SINGULARES;DE CARACTER ESPECIAL;PENITENCIARIO - MILITAR - VARIOS;5;8;1.4
10316;EDIFICIOS SINGULARES;DE CARACTER ESPECIAL;PENITENCIARIO - MILITAR - VARIOS;6;9;1.25
10317;EDIFICIOS SINGULARES;DE CARACTER ESPECIAL;PENITENCIARIO - MILITAR - VARIOS;7;10;1.1
10318;EDIFICIOS SINGULARES;DE CARACTER ESPECIAL;PENITENCIARIO - MILITAR - VARIOS;8;11;1
10319;EDIFICIOS SINGULARES;DE CARACTER ESPECIAL;PENITENCIARIO - MILITAR - VARIOS;9;12;0.85
1032;EDIFICIOS SINGULARES;DE CARACTER ESPECIAL;OBRA URBANIZACIÓN INTERIOR;4;7;0.15
1032A;EDIFICIOS SINGULARES;DE CARACTER ESPECIAL;OBRA URBANIZACIÓN INTERIOR;1;1;0.39
1032B;EDIFICIOS SINGULARES;DE CARACTER ESPECIAL;OBRA URBANIZACIÓN INTERIOR;1;2;0.338
1032C;EDIFICIOS SINGULARES;DE CARACTER ESPECIAL;OBRA URBANIZACIÓN INTERIOR;1;3;0.299
10321;EDIFICIOS SINGULARES;DE CARACTER ESPECIAL;OBRA URBANIZACIÓN INTERIOR;1;4;0.26
10322;EDIFICIOS SINGULARES;DE CARACTER ESPECIAL;OBRA URBANIZACIÓN INTERIOR;2;5;0.22
10323;EDIFICIOS SINGULARES;DE CARACTER ESPECIAL;OBRA URBANIZACIÓN INTERIOR;3;6;0.18
10324;EDIFICIOS SINGULARES;DE CARACTER ESPECIAL;OBRA URBANIZACIÓN INTERIOR;4;7;0.15
10325;EDIFICIOS SINGULARES;DE CARACTER ESPECIAL;OBRA URBANIZACIÓN INTERIOR;5;8;0.11
10326;EDIFICIOS SINGULARES;DE CARACTER ESPECIAL;OBRA URBANIZACIÓN INTERIOR;6;9;0.08
10327;EDIFICIOS SINGULARES;DE CARACTER ESPECIAL;OBRA URBANIZACIÓN INTERIOR;7;10;0.06
10328;EDIFICIOS SINGULARES;DE CARACTER ESPECIAL;OBRA URBANIZACIÓN INTERIOR;8;11;0.04
10329;EDIFICIOS SINGULARES;DE CARACTER ESPECIAL;OBRA URBANIZACIÓN INTERIOR;9;12;0.03
1033;EDIFICIOS SINGULARES;DE CARACTER ESPECIAL;CAMPINGS;4;7;0.12
1033A;EDIFICIOS SINGULARES;DE CARACTER ESPECIAL;CAMPINGS;1;1;0.27
1033B;EDIFICIOS SINGULARES;DE CARACTER ESPECIAL;CAMPINGS;1;2;0.234
1033C;EDIFICIOS SINGULARES;DE CARACTER ESPECIAL;CAMPINGS;1;3;0.207
10331;EDIFICIOS SINGULARES;DE CARACTER ESPECIAL;CAMPINGS;1;4;0.18
10332;EDIFICIOS SINGULARES;DE CARACTER ESPECIAL;CAMPINGS;2;5;0.16
10333;EDIFICIOS SINGULARES;DE CARACTER ESPECIAL;CAMPINGS;3;6;0.14
10334;EDIFICIOS SINGULARES;DE CARACTER ESPECIAL;CAMPINGS;4;7;0.12
10335;EDIFICIOS SINGULARES;DE CARACTER ESPECIAL;CAMPINGS;5;8;0.1
10336;EDIFICIOS SINGULARES;DE CARACTER ESPECIAL;CAMPINGS;6;9;0.08
10337;EDIFICIOS SINGULARES;DE CARACTER ESPECIAL;CAMPINGS;7;10;0.06
10338;EDIFICIOS SINGULARES;DE CARACTER ESPECIAL;CAMPINGS;8;11;0.04
10339;EDIFICIOS SINGULARES;DE CARACTER ESPECIAL;CAMPINGS;9;12;0.02
1034;EDIFICIOS SINGULARES;DE CARACTER ESPECIAL;CAMPOS DE GOLF;4;7;0.03
1034A;EDIFICIOS SINGULARES;DE CARACTER ESPECIAL;CAMPOS DE GOLF;1;1;0.075
1034B;EDIFICIOS SINGULARES;DE CARACTER ESPECIAL;CAMPOS DE GOLF;1;2;0.065
1034C;EDIFICIOS SINGULARES;DE CARACTER ESPECIAL;CAMPOS DE GOLF;1;3;0.0575
10341;EDIFICIOS SINGULARES;DE CARACTER ESPECIAL;CAMPOS DE GOLF;1;4;0.05
10342;EDIFICIOS SINGULARES;DE CARACTER ESPECIAL;CAMPOS DE GOLF;2;5;0.04
10343;EDIFICIOS SINGULARES;DE CARACTER ESPECIAL;CAMPOS DE GOLF;3;6;0.035
10344;EDIFICIOS SINGULARES;DE CARACTER ESPECIAL;CAMPOS DE GOLF;4;7;0.03
10345;EDIFICIOS SINGULARES;DE CARACTER ESPECIAL;CAMPOS DE GOLF;5;8;0.025
10346;EDIFICIOS SINGULARES;DE CARACTER ESPECIAL;CAMPOS DE GOLF;6;9;0.02
10347;EDIFICIOS SINGULARES;DE CARACTER ESPECIAL;CAMPOS DE GOLF;7;10;0.015
10348;EDIFICIOS SINGULARES;DE CARACTER ESPECIAL;CAMPOS DE GOLF;8;11;0.01
10349;EDIFICIOS SINGULARES;DE CARACTER ESPECIAL;CAMPOS DE GOLF;9;12;0.005
1035;EDIFICIOS SINGULARES;DE CARACTER ESPECIAL;JARDINERÍA;4;7;0.11
1035A;EDIFICIOS SINGULARES;DE CARACTER ESPECIAL;JARDINERÍA;1;1;0.255
1035B;EDIFICIOS SINGULARES;DE CARACTER ESPECIAL;JARDINERÍA;1;2;0.221
1035C;EDIFICIOS SINGULARES;DE CARACTER ESPECIAL;JARDINERÍA;1;3;0.1955
10351;EDIFICIOS SINGULARES;DE CARACTER ESPECIAL;JARDINERÍA;1;4;0.17
10352;EDIFICIOS SINGULARES;DE CARACTER ESPECIAL;JARDINERÍA;2;5;0.15
10353;EDIFICIOS SINGULARES;DE CARACTER ESPECIAL;JARDINERÍA;3;6;0.13
10354;EDIFICIOS SINGULARES;DE CARACTER ESPECIAL;JARDINERÍA;4;7;0.11
10355;EDIFICIOS SINGULARES;DE CARACTER ESPECIAL;JARDINERÍA;5;8;0.09
10356;EDIFICIOS SINGULARES;DE CARACTER ESPECIAL;JARDINERÍA;6;9;0.07
10357;EDIFICIOS SINGULARES;DE CARACTER ESPECIAL;JARDINERÍA;7;10;0.05
10358;EDIFICIOS SINGULARES;DE CARACTER ESPECIAL;JARDINERÍA;8;11;0.03
10359;EDIFICIOS SINGULARES;DE CARACTER ESPECIAL;JARDINERÍA;9;12;0.01
1036;EDIFICIOS SINGULARES;DE CARACTER ESPECIAL;SILOS Y DEPÓSITOS PARA SÓLIDOS;4;7;0.2
1036A;EDIFICIOS SINGULARES;DE CARACTER ESPECIAL;SILOS Y DEPÓSITOS PARA SÓLIDOS;1;1;0.525
1036B;EDIFICIOS SINGULARES;DE CARACTER ESPECIAL;SILOS Y DEPÓSITOS PARA SÓLIDOS;1;2;0.455
1036C;EDIFICIOS SINGULARES;DE CARACTER ESPECIAL;SILOS Y DEPÓSITOS PARA SÓLIDOS;1;3;0.4025
10361;EDIFICIOS SINGULARES;DE CARACTER ESPECIAL;SILOS Y DEPÓSITOS PARA SÓLIDOS;1;4;0.35
10362;EDIFICIOS SINGULARES;DE CARACTER ESPECIAL;SILOS Y DEPÓSITOS PARA SÓLIDOS;2;5;0.3
10363;EDIFICIOS SINGULARES;DE CARACTER ESPECIAL;SILOS Y DEPÓSITOS PARA SÓLIDOS;3;6;0.25
10364;EDIFICIOS SINGULARES;DE CARACTER ESPECIAL;SILOS Y DEPÓSITOS PARA SÓLIDOS;4;7;0.2
10365;EDIFICIOS SINGULARES;DE CARACTER ESPECIAL;SILOS Y DEPÓSITOS PARA SÓLIDOS;5;8;0.17
10366;EDIFICIOS SINGULARES;DE CARACTER ESPECIAL;SILOS Y DEPÓSITOS PARA SÓLIDOS;6;9;0.15
10367;EDIFICIOS SINGULARES;DE CARACTER ESPECIAL;SILOS Y DEPÓSITOS PARA SÓLIDOS;7;10;0.14
10368;EDIFICIOS SINGULARES;DE CARACTER ESPECIAL;SILOS Y DEPÓSITOS PARA SÓLIDOS;8;11;0.12
10369;EDIFICIOS SINGULARES;DE CARACTER ESPECIAL;SILOS Y DEPÓSITOS PARA SÓLIDOS;9;12;0.1
1037;EDIFICIOS SINGULARES;DE CARACTER ESPECIAL;DEPÓSITOS LÍQUIDOS;4;7;0.29
1037A;EDIFICIOS SINGULARES;DE CARACTER ESPECIAL;DEPÓSITOS LÍQUIDOS;1;1;0.555
1037B;EDIFICIOS SINGULARES;DE CARACTER ESPECIAL;DEPÓSITOS LÍQUIDOS;1;2;0.481
1037C;EDIFICIOS SINGULARES;DE CARACTER ESPECIAL;DEPÓSITOS LÍQUIDOS;1;3;0.4255
10371;EDIFICIOS SINGULARES;DE CARACTER ESPECIAL;DEPÓSITOS LÍQUIDOS;1;4;0.37
10372;EDIFICIOS SINGULARES;DE CARACTER ESPECIAL;DEPÓSITOS LÍQUIDOS;2;5;0.34
10373;EDIFICIOS SINGULARES;DE CARACTER ESPECIAL;DEPÓSITOS LÍQUIDOS;3;6;0.31
10374;EDIFICIOS SINGULARES;DE CARACTER ESPECIAL;DEPÓSITOS LÍQUIDOS;4;7;0.29
10375;EDIFICIOS SINGULARES;DE CARACTER ESPECIAL;DEPÓSITOS LÍQUIDOS;5;8;0.25
10376;EDIFICIOS SINGULARES;DE CARACTER ESPECIAL;DEPÓSITOS LÍQUIDOS;6;9;0.23
10377;EDIFICIOS SINGULARES;DE CARACTER ESPECIAL;DEPÓSITOS LÍQUIDOS;7;10;0.2
10378;EDIFICIOS SINGULARES;DE CARACTER ESPECIAL;DEPÓSITOS LÍQUIDOS;8;11;0.17
10379;EDIFICIOS SINGULARES;DE CARACTER ESPECIAL;DEPÓSITOS LÍQUIDOS;9;12;0.15
1038;EDIFICIOS SINGULARES;DE CARACTER ESPECIAL;DEPÓSITOS GASES;4;7;0.4
1038A;EDIFICIOS SINGULARES;DE CARACTER ESPECIAL;DEPÓSITOS GASES;1;1;1.2
1038B;EDIFICIOS SINGULARES;DE CARACTER ESPECIAL;DEPÓSITOS GASES;1;2;1.04
1038C;EDIFICIOS SINGULARES;DE CARACTER ESPECIAL;DEPÓSITOS GASES;1;3;0.92
10381;EDIFICIOS SINGULARES;DE CARACTER ESPECIAL;DEPÓSITOS GASES;1;4;0.8
10382;EDIFICIOS SINGULARES;DE CARACTER ESPECIAL;DEPÓSITOS GASES;2;5;0.65
10383;EDIFICIOS SINGULARES;DE CARACTER ESPECIAL;DEPÓSITOS GASES;3;6;0.5
10384;EDIFICIOS SINGULARES;DE CARACTER ESPECIAL;DEPÓSITOS GASES;4;7;0.4
10385;EDIFICIOS SINGULARES;DE CARACTER ESPECIAL;DEPÓSITOS GASES;5;8;0.37
10386;EDIFICIOS SINGULARES;DE CARACTER ESPECIAL;DEPÓSITOS GASES;6;9;0.35
10387;EDIFICIOS SINGULARES;DE CARACTER ESPECIAL;DEPÓSITOS GASES;7;10;0.31
10388;EDIFICIOS SINGULARES;DE CARACTER ESPECIAL;DEPÓSITOS GASES;8;11;0.27
10389;EDIFICIOS SINGULARES;DE CARACTER ESPECIAL;DEPÓSITOS GASES;9;12;0.25
1039;EDIFICIOS SINGULARES;DE CARACTER ESPECIAL;DEPÓSITOS;4;7;0.4
1039A;EDIFICIOS SINGULARES;DE CARACTER ESPECIAL;DEPÓSITOS;1;1;1.2
1039B;EDIFICIOS SINGULARES;DE CARACTER ESPECIAL;DEPÓSITOS;1;2;1.04
1039C;EDIFICIOS SINGULARES;DE CARACTER ESPECIAL;DEPÓSITOS;1;3;0.92
10391;EDIFICIOS SINGULARES;DE CARACTER ESPECIAL;DEPÓSITOS;1;4;0.8
10392;EDIFICIOS SINGULARES;DE CARACTER ESPECIAL;DEPÓSITOS;2;5;0.65
10393;EDIFICIOS SINGULARES;DE CARACTER ESPECIAL;DEPÓSITOS;3;6;0.5
10394;EDIFICIOS SINGULARES;DE CARACTER ESPECIAL;DEPÓSITOS;4;7;0.4
10395;EDIFICIOS SINGULARES;DE CARACTER ESPECIAL;DEPÓSITOS;5;8;0.37
10396;EDIFICIOS SINGULARES;DE CARACTER ESPECIAL;DEPÓSITOS;6;9;0.35
10397;EDIFICIOS SINGULARES;DE CARACTER ESPECIAL;DEPÓSITOS;7;10;0.31
10398;EDIFICIOS SINGULARES;DE CARACTER ESPECIAL;DEPÓSITOS;8;11;0.27
10399;EDIFICIOS SINGULARES;DE CARACTER ESPECIAL;DEPÓSITOS;9;12;0.25
00000;URB-SIN EDIF;URB-SIN EDIF;URB-SIN EDIF;4;7;0.15
00001;URB-SIN EDIF;URB-SIN EDIF;URB-SIN EDIF;1;4;0.26
00002;URB-SIN EDIF;URB-SIN EDIF;URB-SIN EDIF;2;5;0.22
00003;URB-SIN EDIF;URB-SIN EDIF;URB-SIN EDIF;3;6;0.18
00004;URB-SIN EDIF;URB-SIN EDIF;URB-SIN EDIF;4;7;0.15
00005;URB-SIN EDIF;URB-SIN EDIF;URB-SIN EDIF;5;8;0.11
00006;URB-SIN EDIF;URB-SIN EDIF;URB-SIN EDIF;6;9;0.08
00007;URB-SIN EDIF;URB-SIN EDIF;URB-SIN EDIF;7;10;0.06
00008;URB-SIN EDIF;URB-SIN EDIF;URB-SIN EDIF;8;11;0.04
00009;URB-SIN EDIF;URB-SIN EDIF;URB-SIN EDIF;9;12;0.03
0013;RESIDENCIAL;PLURIFAMILIAR;GARAJE TRASTERO LOCAL EN ESTRUCTURA;4;7;0.53
0013A;RESIDENCIAL;PLURIFAMILIAR;GARAJE TRASTERO LOCAL EN ESTRUCTURA;1;1;1.2
0013B;RESIDENCIAL;PLURIFAMILIAR;GARAJE TRASTERO LOCAL EN ESTRUCTURA;1;2;1.04
0013C;RESIDENCIAL;PLURIFAMILIAR;GARAJE TRASTERO LOCAL EN ESTRUCTURA;1;3;0.92
00131;RESIDENCIAL;PLURIFAMILIAR;GARAJE TRASTERO LOCAL EN ESTRUCTURA;1;4;0.8
00132;RESIDENCIAL;PLURIFAMILIAR;GARAJE TRASTERO LOCAL EN ESTRUCTURA;2;5;0.7
00133;RESIDENCIAL;PLURIFAMILIAR;GARAJE TRASTERO LOCAL EN ESTRUCTURA;3;6;0.62
00134;RESIDENCIAL;PLURIFAMILIAR;GARAJE TRASTERO LOCAL EN ESTRUCTURA;4;7;0.53
00135;RESIDENCIAL;PLURIFAMILIAR;GARAJE TRASTERO LOCAL EN ESTRUCTURA;5;8;0.46
00136;RESIDENCIAL;PLURIFAMILIAR;GARAJE TRASTERO LOCAL EN ESTRUCTURA;6;9;0.4
00137;RESIDENCIAL;PLURIFAMILIAR;GARAJE TRASTERO LOCAL EN ESTRUCTURA;7;10;0.3
00138;RESIDENCIAL;PLURIFAMILIAR;GARAJE TRASTERO LOCAL EN ESTRUCTURA;8;11;0.26
00139;RESIDENCIAL;PLURIFAMILIAR;GARAJE TRASTERO LOCAL EN ESTRUCTURA;9;12;0.2
CGOLF;SINGULAR;SINGULAR;CAMPO DE GOLF;4;7;0.025
CMPNG;SINGULAR;SINGULAR;CAMPING;4;7;0.1
PDEPO;SINGULAR;SINGULAR;PUERTO DEPORTIVO;1;4;2.2
PCOME;SINGULAR;SINGULAR;PUERTO COMERCIAL;1;4;2.2
PRESA;SINGULAR;SINGULAR;PRESA;0;0;0
CENTH;SINGULAR;SINGULAR;CENTRAL HIDROELÉCTRICA;0;0;0
AEROD;SINGULAR;SINGULAR;AERÓDROMO;1;4;2.2
HELIP;SINGULAR;SINGULAR;HELIPUERTO;1;4;2.2
HANG;SINGULAR;SINGULAR;AERÓDROMO;1;4;2.2
SINGU;SINGULAR;SINGULAR;SINGULAR;0;0;0
ANTEN;INSTALACION;INSTALACION;ANTENA;0;0;0
5623;ESPECTÁCULOS;CINES Y TEATROS;TEATROS;3;6;2.15
PABRI;INDUSTRIAL;INDUSTRIAL;INDUSTRIAL;0;0;0
