refcat_parcel,refcat_inmueble,nombre_via,num_1,num_2,km,dir_bi,cp_aprox,m2_bi
4248916UG4944N,4248916UG4944N0001WT,CL REALEJO,10  ,0  ,0,Blq:   Esc: T  Pl: OD  Pt: OD,14002,150
4042111UG4944S,4042111UG4944S0001ED,CL LUCANO,12  ,0  ,0,Blq:   Esc: T  Pl: OD  Pt: OD,14003,519
3942636UG4934S,3942636UG4934S0001JO,CL ROMERO BARROS,14  ,0  ,0,Blq:   Esc: T  Pl: OD  Pt: OD,14003,459
4046850UG4944N,4046850UG4944N0001KT,CL RODRIGUEZ MARIN,23  ,0  ,0,Blq:   Esc: T  Pl: OD  Pt: OD,14002,384
3243111UG4934S,3243111UG4934S0001WO,CL PUERTA DE ALMODOVAR,6  ,0  ,0,Blq:   Esc: T  Pl: OD  Pt: OD,14003,80
3344708UG4934S,3344708UG4934S0002QP,PZ PINEDA,2  ,0  ,0,Blq:   Esc: E  Pl: 00  Pt: 00,14003,129
3344708UG4934S,3344708UG4934S0003WA,PZ PINEDA,2  ,0  ,0,Blq:   Esc: E  Pl: 01  Pt: 01,14003,178
3344708UG4934S,3344708UG4934S0004ES,PZ PINEDA,2  ,0  ,0,Blq:   Esc: E  Pl: 02  Pt: 02,14003,154
3542712UG4934S,3542712UG4934S0001YO,CL CESPEDES,5  ,0  ,0,Blq:   Esc: T  Pl: OD  Pt: OD,14003,303
3439402UG4933N,3439402UG4933N0001IU,CL MEDINA CORELLA,4  ,0  ,0,Blq:   Esc: T  Pl: OD  Pt: OD,14003,322
3441522UG4934S,3441522UG4934S0001KO,CL CARDENAL HERRERO,14  ,0  ,0,Blq:   Esc: T  Pl: OD  Pt: OD,14003,748
3740301UG4934S,3740301UG4934S0001UO,CL MARTINEZ RUCKER,2  ,0  ,0,Blq:   Esc: T  Pl: OD  Pt: OD,14003,676
3740329UG4934S,3740329UG4934S0001ZO,CL MAGISTRAL GLEZ FRANCES,13  ,0  ,0,Blq:   Esc: T  Pl: OD  Pt: OD,14003,467
3740911UG4934S,3740911UG4934S0001WO,CL CORREGIDOR LUIS CERDA,61  ,0  ,0,Blq:   Esc: T  Pl: OD  Pt: OD,14003,1047
3642722UG4934S,3642722UG4934S0001GO,CL MARTINEZ RUCKER,9  ,0  ,0,Blq:   Esc: T  Pl: OD  Pt: OD,14003,381
3844413UG4934S,3844413UG4934S0001SO,CL SAN FERNANDO,24  ,0  ,0,Blq:   Esc: T  Pl: OD  Pt: OD,14003,250
6052403UG4965S,6052403UG4965S0001IG,CL LAPIZLAZULI,11  N,0  ,0,Blq:   Esc: T  Pl: OD  Pt: OD,14014,702
4037847UG4943N,4037847UG4943N0001AA,CL MARTIN LOPEZ,17  ,0  ,0,Blq:   Esc: T  Pl: OD  Pt: OD,14009,392
3157505UG4935N,3157505UG4935N0001IK,CL BEATRIZ ENRIQUEZ,10  ,0  ,0,Blq:   Esc: T  Pl: OD  Pt: OD,14006,375
9472306UG4997S,9472306UG4997S0001HG,PL INDUSTRIAL LAS QUEMADAS,211  ,0  ,0,Blq:   Esc: T  Pl: OD  Pt: OD,14014,650
7061201UG4976S,7061201UG4976S0001WD,CR MADRID NACIONAL IV,398  B,0  ,0,Blq:   Esc: T  Pl: OD  Pt: OD,14610,845
2791603UG4929S,2791603UG4929S0001BZ,CR OBEJO,0  ,0  ,3,Blq:   Esc: T  Pl: OD  Pt: OD,14012,14933
6732024UG3963S,6732024UG3963S0001QG,FC AGUILAREJO,60  ,0  ,0,Blq:   Esc: T  Pl: OD  Pt: OD,14193,1098
4705112UG3940N,4705112UG3940N0001GJ,VR LA CANCHUELA,23  ,0  ,0,Blq:   Esc: T  Pl: OD  Pt: OD,14710,584
2668907UG4926N,2668907UG4926N0001YI,AV BRILLANTE,97  ,0  ,0,Blq:   Esc: T  Pl: OD  Pt: OD,14012,1920
3100018UH3030S,3100018UH3030S0001YF,CL LA ENCINA,14  ,0  ,0,Blq:   Esc: T  Pl: OD  Pt: OD,14192,5678
0462101UG4906S,0462101UG4906S0001KI,CR SANTA MARIA DE TRASSIERRA,0  ,0  ,0,Blq:   Esc: T  Pl: OD  Pt: OD,00000,324
3036903UG4933N,3036903UG4933N0001IU,CL POSTRERA,51  ,0  ,0,Blq:   Esc: T  Pl: OD  Pt: OD,14004,358
3252407UG4935S,3252407UG4935S0001SE,CL ALHAKEN II,4  ,0  ,0,Blq:   Esc: E  Pl: -1  Pt: -1,14008,93
3252407UG4935S,3252407UG4935S0002DR,CL ALHAKEN II,4  ,0  ,0,Blq:   Esc: E  Pl: 00  Pt: 00,14008,289
3252407UG4935S,3252407UG4935S0003FT,CL ALHAKEN II,4  ,0  ,0,Blq:   Esc: E  Pl: 01  Pt: 01,14008,262
3252407UG4935S,3252407UG4935S0004GY,CL ALHAKEN II,4  ,0  ,0,Blq:   Esc: E  Pl: 02  Pt: 02,14008,262
3252407UG4935S,3252407UG4935S0005HU,CL ALHAKEN II,4  ,0  ,0,Blq:   Esc: E  Pl: 03  Pt: 03,14008,262
3252407UG4935S,3252407UG4935S0006JI,CL ALHAKEN II,4  ,0  ,0,Blq:   Esc: E  Pl: 04  Pt: 04,14008,262
5252512UG4955S,5252512UG4955S0001FA,AV JESUS RESCATADO,32  ,0  ,0,Blq:   Esc: E  Pl: 00  Pt: 00,14007,155
5255111UG4955N,5255111UG4955N0001RE,CL JOAQUIN ALTOLAGUIRRE,12  ,0  ,0,Blq:   Esc: T  Pl: OD  Pt: OD,14007,106
5665101UG4956N,5665101UG4956N0024UF,CL PROFESOR TIERNO GALVAN,6  ,0  ,0,Blq:   Esc: B  Pl: 00  Pt: 00,14014,42
4150208UG4945S,4150208UG4945S0001QU,CL ENRIQUE REDEL,3  ,0  ,0,Blq:   Esc: T  Pl: OD  Pt: OD,14001,266
4343318UG4944S,4343318UG4944S0001OD,CL MUCHO TRIGO,21  ,0  ,0,Blq:   Esc: T  Pl: OD  Pt: OD,14002,248
4746215UG4944N,4746215UG4944N0001UT,CL CAMPO MADRE DIOS,38  ,0  ,0,Blq:   Esc: T  Pl: OD  Pt: OD,14002,3485
3844451UG4934S,3844451UG4934S0001HO,CL JUNIO GALION,2  ,0  ,0,Blq:   Esc: T  Pl: OD  Pt: OD,14003,661
3147502UG4934N,3147502UG4934N0023IJ,PS DE LA VICTORIA,1  ,0  ,0,Blq:   Esc: E  Pl: 00  Pt: 00,14008,250
3443816UG4934S,3443816UG4934S0001DO,CL BARROSO,11  ,0  ,0,Blq:   Esc: E  Pl: 00  Pt: 00,14003,395
3443816UG4934S,3443816UG4934S0002FP,CL BARROSO,11  ,0  ,0,Blq:   Esc: E  Pl: 01  Pt: 01,14003,313
3439405UG4933N,3439405UG4933N0001SU,CL TORRIJOS,6  ,0  ,0,Blq:   Esc: T  Pl: OD  Pt: OD,14003,872
3740307UG4934S,3740307UG4934S0001GO,CL MARTINEZ RUCKER,14  ,0  ,0,Blq:   Esc: T  Pl: OD  Pt: OD,14003,430
3740326UG4934S,3740326UG4934S0001JO,CL MAGISTRAL GLEZ FRANCES,23  ,0  ,0,Blq:   Esc: T  Pl: OD  Pt: OD,14003,1924
3441528UG4934S,3441528UG4934S0001EO,CJ HOGUERA,5  ,0  ,0,Blq:   Esc: T  Pl: OD  Pt: OD,14003,158
3642707UG4934S,3642707UG4934S0001EO,CL OSIO,6  ,0  ,0,Blq:   Esc: T  Pl: OD  Pt: OD,14003,620
3733727UG4933S,3733727UG4933S0001XG,CR CASTRO,2  ,0  ,0,Blq:   Esc: T  Pl: OD  Pt: OD,14009,70
1353301UG4915S,1353301UG4915S0002KL,PZ MARINA ESPAÑOLA,57  ,0  ,0,Blq:   Esc: E  Pl: SM  Pt: SM,14011,271
000600100UG48C,000600100UG48C0001JL,CR MADRID NACIONAL IV,0  ,0  ,413,Blq:   Esc: T  Pl: OD  Pt: OD,00000,636
0309831UG3901S,0309831UG3901S0001XE,CJ EL ALAMILLO CENTRO,159  ,0  ,0,Blq:   Esc: T  Pl: OD  Pt: OD,14710,3629
3958301UG4935N,3958301UG4935N0015IY,AV AL-NASIR,10  ,0  ,0,Blq:   Esc: 01  Pl: 00  Pt: 00,14006,233
3958301UG4935N,3958301UG4935N0017PI,AV AL-NASIR,10  ,0  ,0,Blq:   Esc: 02  Pl: 00  Pt: 00,14006,166
5976908UG5757N,5976908UG5757N0001OH,CL RAFAEL ALBERTI,2  ,0  ,0,Blq:   Esc: T  Pl: OD  Pt: OD,14820,571
4504202UG3940S,4504202UG3940S0001DW,VR LA CANCHUELA,48  B,0  ,0,Blq:   Esc: T  Pl: OD  Pt: OD,14710,327
2372605UG4927S,2372605UG4927S0001TP,AV BRILLANTE,117  ,0  ,0,Blq:   Esc: T  Pl: OD  Pt: OD,14012,2134
8932701UH3083S,8932701UH3083S0001QH,CL ROMERO (LAS JARAS),152  ,0  ,0,Blq:   Esc: T  Pl: OD  Pt: OD,14029,1481
3150505UG4935N,3150505UG4935N0148AP,AV RONDA DE LOS TEJARES,32  ,0  ,0,Blq:   Esc: E  Pl: 00  Pt: 00,14001,145
3150505UG4935N,3150505UG4935N0291LK,AV RONDA DE LOS TEJARES,32  ,0  ,0,Blq:   Esc: E  Pl: 00  Pt: 00,14001,168
3150505UG4935N,3150505UG4935N0292BL,AV RONDA DE LOS TEJARES,32  ,0  ,0,Blq:   Esc: E  Pl: 00  Pt: 00,14001,96
2431604UG4923S,2431604UG4923S0001RA,CL PINTOR GRECO,6  ,0  ,0,Blq:   Esc: E  Pl: 00  Pt: 00,14004,225
2431604UG4923S,2431604UG4923S0002TS,CL PINTOR GRECO,6  ,0  ,0,Blq:   Esc: E  Pl: 01  Pt: 01,14004,225
5862401UG4956S,5862401UG4956S0062FW,PZ ARZOBISPO ROMERO MENGIBAR,3  ,0  ,0,Blq:   Esc: 6  Pl: 00  Pt: 00,14014,179
5862401UG4956S,5862401UG4956S0063GE,PZ ARZOBISPO ROMERO MENGIBAR,3  ,0  ,0,Blq:   Esc: 6  Pl: 00  Pt: 00,14014,31
4443220UG4944S,4443220UG4944S0001AD,CL RONQUILLO BRICEÑO,10  ,0  ,0,Blq:   Esc: T  Pl: OD  Pt: OD,14002,447
4046895UG4944N,4046895UG4944N0001HT,PZ CORREDERA,1  L,0  ,0,Blq:   Esc: T  Pl: OD  Pt: OD,14002,36
4143417UG4944S,4143417UG4944S0001BD,CL CARLOS RUBIO,24  ,0  ,0,Blq:   Esc: T  Pl: OD  Pt: OD,14002,172
4046870UG4944N,4046870UG4944N0001YT,CL FERNANDO COLON,15  ,0  ,0,Blq:   Esc: T  Pl: OD  Pt: OD,14002,674
3344715UG4934S,3344715UG4934S0001DO,CL LEIVA AGUILAR,10  ,0  ,0,Blq:   Esc: T  Pl: OD  Pt: OD,14003,522
3248810UG4934N,3248810UG4934N0001MQ,CL MENENDEZ Y PELAYO,10  ,0  ,0,Blq:   Esc: T  Pl: OD  Pt: OD,14008,313
3342115UG4934S,3342115UG4934S0001WO,CL JUDIOS,1  ,0  ,0,Blq:   Esc: T  Pl: OD  Pt: OD,14004,408
3342537UG4934S,3342537UG4934S0001QO,CL ALMANZOR,6  ,0  ,0,Blq:   Esc: T  Pl: OD  Pt: OD,14003,126
3342539UG4934S,3342539UG4934S0001LO,CL ALMANZOR,10  ,0  ,0,Blq:   Esc: T  Pl: OD  Pt: OD,14003,218
14900A08100083,14900A081000830001GU, ,0  ,0  ,0,Blq:   Esc: T  Pl: OD  Pt: OD,14001,599
5976314UG5767N,5976314UG5767N0001SB,CL RAFAEL ALBERTI,22  ,0  ,0,Blq:   Esc: T  Pl: OD  Pt: OD,14820,603
1347701UG4914N,1347701UG4914N0001KH,CL ISLAS CHAFARINAS,1  ,0  ,0,Blq:   Esc: T  Pl: OD  Pt: OD,14011,3668
2179502UG4927N,2179502UG4927N0001WW,AV BRILLANTE,134  ,0  ,0,Blq:   Esc: T  Pl: OD  Pt: OD,14012,3109
2179515UG4927N,2179515UG4927N0001MW,AV BRILLANTE,126  ,0  ,0,Blq:   Esc: T  Pl: OD  Pt: OD,14012,291
2983301UG4928S,2983301UG4928S0001KR,CL ARROYO,18  Z,0  ,0,Blq:   Esc: T  Pl: OD  Pt: OD,14012,348
3849652UG4934N,3849652UG4934N0001SQ,CL ALFAROS,35  ,0  ,0,Blq:   Esc: 1  Pl: 01  Pt: 01,14001,336
3948906UG4934N,3948906UG4934N0001IQ,CL SANTA MARTA,7  ,0  ,0,Blq:   Esc: T  Pl: OD  Pt: OD,14001,418
4042103UG4944S,4042103UG4944S0001RD,PS RIBERA,4  ,0  ,0,Blq:   Esc: T  Pl: OD  Pt: OD,14002,234
4042104UG4944S,4042104UG4944S0001DD,PS RIBERA,3  ,0  ,0,Blq:   Esc: T  Pl: OD  Pt: OD,14002,420
4044511UG4944S,4044511UG4944S0001YD,PZ DE LAS CAÑAS,2  ,0  ,0,Blq:   Esc: T  Pl: OD  Pt: OD,14002,199
3547304UG4934N,3547304UG4934N0002JW,CL CRUZ CONDE,3  ,0  ,0,Blq:   Esc: E  Pl: 00  Pt: 00,14003,140
3547304UG4934N,3547304UG4934N0003KE,CL CRUZ CONDE,3  ,0  ,0,Blq:   Esc: E  Pl: 01  Pt: 01,14003,146
3750909UG4935S,3750909UG4935S0001ME,CL RAMIREZ DE LAS CASAS DEZA,10  ,0  ,0,Blq:   Esc: T  Pl: OD  Pt: OD,14001,4774
3740324UG4934S,3740324UG4934S0001XO,CL CORREGIDOR LUIS CERDA,68  ,0  ,0,Blq:   Esc: T  Pl: OD  Pt: OD,14003,312
3740905UG4934S,3740905UG4934S0001ZO,CL CORREGIDOR LUIS CERDA,73  ,0  ,0,Blq:   Esc: T  Pl: OD  Pt: OD,14003,251
3443802UG4934S,3443802UG4934S0043DH,CL BUEN PASTOR,19  ,0  ,0,Blq:   Esc: 02  Pl: 00  Pt: 00,14003,248
3443802UG4934S,3443802UG4934S0044FJ,CL BUEN PASTOR,19  ,0  ,0,Blq:   Esc: 02  Pl: 01  Pt: 01,14003,295
3443802UG4934S,3443802UG4934S0045GK,CL BUEN PASTOR,19  ,0  ,0,Blq:   Esc: 02  Pl: 02  Pt: 02,14003,292
4038333UG4943N,4038333UG4943N0001SA,CL PROCONSUL METELO PIO,5  ,0  ,0,Blq:   Esc: T  Pl: OD  Pt: OD,14009,356
9165125UG4996N,9165125UG4996N0001FD,PL INDUSTRIAL LAS QUEMADAS,284  D,0  ,0,Blq:   Esc: T  Pl: OD  Pt: OD,14014,359
3162207UG4936S,3162207UG4936S0001QB,AV BRILLANTE,32  ,0  ,0,Blq:   Esc: T  Pl: OD  Pt: OD,14012,292
4972209UH4047S,4972209UH4047S0001EA,PZ DE ANDALUCIA,4  A,0  ,0,Blq:   Esc: T  Pl: OD  Pt: OD,14350,43
2344711UG4924S,2344711UG4924S0030UW,CL ANTONIO MAURA,20  ,0  ,0,Blq:   Esc: E  Pl: 00  Pt: 00,14005,256
4559444UG4945N,4559444UG4945N0001IX,CL ALHONDIGUILLA,38  ,0  ,0,Blq:   Esc: T  Pl: OD  Pt: OD,14007,155
3942638UG4934S,3942638UG4934S0001SO,CL ROMERO BARROS,18  ,0  ,0,Blq:   Esc: T  Pl: OD  Pt: OD,14003,463
3443815UG4934S,3443815UG4934S0001RO,CL LEIVA AGUILAR,1  ,0  ,0,Blq:   Esc: T  Pl: OD  Pt: OD,14003,190
3443819UG4934S,3443819UG4934S0001JO,CL BARROSO,5  ,0  ,0,Blq:   Esc: T  Pl: OD  Pt: OD,14003,646
3841606UG4934S,3841606UG4934S0001GO,CL CORREGIDOR LUIS CERDA,25  ,0  ,0,Blq:   Esc: T  Pl: OD  Pt: OD,14003,397
3542701UG4934S,3542701UG4934S0001EO,PZ AGRUPACION COFRADIAS,2  ,0  ,0,Blq:   Esc: E  Pl: 00  Pt: 00,14003,161
3542714UG4934S,3542714UG4934S0001QO,CL CARDENAL HERRERO,8  Z,0  ,0,Blq:   Esc: T  Pl: OD  Pt: OD,14003,276
5750115UG4955S,5750115UG4955S0001ZA,CL SOLDADO DIEGO G PAREDES,11  ,0  ,0,Blq:   Esc: T  Pl: OD  Pt: OD,14014,79
6051726UG4965S,6051726UG4965S0001UG,CL DON TEODOMIRO,45  ,0  ,0,Blq:   Esc: T  Pl: OD  Pt: OD,14014,110
5245110UG4954N,5245110UG4954N0001YO,CL FRANCISCO PIZARRO,4  2,0  ,0,Blq:   Esc: T  Pl: OD  Pt: OD,14010,108
4425144UG4942N,4425144UG4942N0001JJ,CL CIUDAD DE MONTILLA,65  ,0  ,0,Blq:   Esc: T  Pl: OD  Pt: OD,14009,210
4026620UG4942N,4026620UG4942N0001RJ,CR CASTRO,139  ,0  ,0,Blq:   Esc: T  Pl: OD  Pt: OD,14009,246
4037403UG4943N,4037403UG4943N0001YA,CL SEGUNDA DE MIRAFLORES,17  ,0  ,0,Blq:   Esc: T  Pl: OD  Pt: OD,14009,344
3938803UG4933N,3938803UG4933N0001AU,CL GITANOS CAMPO LA VERDAD,1  ,0  ,0,Blq:   Esc: T  Pl: OD  Pt: OD,14009,1315
7960701UG4976S,7960701UG4976S0001FD,PL INDUSTRIAL LAS QUEMADAS,109  G,0  ,0,Blq:   Esc: T  Pl: OD  Pt: OD,14014,517
1409301UG3910N,1409301UG3910N0001WT,CR PALMA DEL RIO,12  B,0  ,0,Blq:   Esc: T  Pl: OD  Pt: OD,14005,2872
8639323UG3983N,8639323UG3983N0001RG,CL COMPOSITOR MOZART,1  A,0  ,0,Blq:   Esc: T  Pl: OD  Pt: OD,14005,2750
1684530UG4918S,1684530UG4918S0001GM,AV BRILLANTE,156  D,0  ,0,Blq:   Esc: T  Pl: OD  Pt: OD,14012,897
3274914UG4937S,3274914UG4937S0001PF,CL MADRES ESCOLAPIAS,19  A,0  ,0,Blq:   Esc: T  Pl: OD  Pt: OD,14012,1112
2864303UG4926S,2864303UG4926S0001WH,AV BRILLANTE,83  ,0  ,0,Blq:   Esc: T  Pl: OD  Pt: OD,14012,831
8539902UH3084S,8539902UH3084S0001HP,CL RIBERA DEL COTO(LAS JARAS,0  B,0  ,0,Blq:   Esc: T  Pl: OD  Pt: OD,00000,100
2999006UG3929N,2999006UG3929N0001QQ,CR TRASSIERRA,44  ,0  ,0,Blq:   Esc: T  Pl: OD  Pt: OD,14192,1353
5453403UG4955S,5453403UG4955S0001FA,CL CONQUISTADOR RUIZ TAFUR,1  ,0  ,0,Blq:   Esc: E  Pl: 00  Pt: 00,14007,244
5367527UG4956N,5367527UG4956N0001DB,CL METALURGICOS,52  P,0  ,0,Blq:   Esc: T  Pl: OD  Pt: OD,14014,420
4243231UG4944S,4243231UG4944S0001UD,CL CONSOLACION,9  ,0  ,0,Blq:   Esc: T  Pl: OD  Pt: OD,14002,358
3942637UG4934S,3942637UG4934S0001EO,CL ROMERO BARROS,16  ,0  ,0,Blq:   Esc: T  Pl: OD  Pt: OD,14003,394
3044703UG4934S,3044703UG4934S0001WO,PS DE LA VICTORIA,2  ,0  ,0,Blq:   Esc: T  Pl: OD  Pt: OD,14004,15738
3244918UG4934S,3244918UG4934S0001PO,CL TEJON MARIN,1  ,0  ,0,Blq:   Esc: T  Pl: OD  Pt: OD,14003,805
3247604UG4934N,3247604UG4934N0001YQ,CL JOSE ZORRILLA,3  ,0  ,0,Blq:   Esc: T  Pl: OD  Pt: OD,14008,1075
3248812UG4934N,3248812UG4934N0001KQ,PZ ALADREROS,3  ,0  ,0,Blq:   Esc: T  Pl: OD  Pt: OD,14008,1090
3546904UG4934N,3546904UG4934N0001SQ,CL JESUS MARIA,8  ,0  ,0,Blq:   Esc: T  Pl: OD  Pt: OD,14003,1932
3747506UG4934N,3747506UG4934N0007OU,CL GARCIA LOVERA,5  ,0  ,0,Blq:   Esc: E  Pl: 00  Pt: 00,14002,325
3646210UG4934N,3646210UG4934N0001EQ,CL JUAN DE MENA,14  ,0  ,0,Blq:   Esc: T  Pl: OD  Pt: OD,14002,333
3342560UG4934S,3342560UG4934S0001SO,CL FERNANDEZ RUANO,5  ,0  ,0,Blq:   Esc: T  Pl: OD  Pt: OD,14003,284
3651308UG4935S,3651308UG4935S0001EE,CL OSARIO,7  ,0  ,0,Blq:   Esc: T  Pl: OD  Pt: OD,14001,1351
3240520UG4934S,3240520UG4934S0001AO,CL LUNA,1  ,0  ,0,Blq:   Esc: E  Pl: 00  Pt: 00,14004,280
3240520UG4934S,3240520UG4934S0002SP,CL LUNA,1  ,0  ,0,Blq:   Esc: E  Pl: 00  Pt: 00,14004,240
3240520UG4934S,3240520UG4934S0003DA,CL LUNA,1  ,0  ,0,Blq:   Esc: E  Pl: 00  Pt: 00,14004,45
3240520UG4934S,3240520UG4934S0005GD,CL LUNA,1  ,0  ,0,Blq:   Esc: E  Pl: 01  Pt: 01,14004,280
3240522UG4934S,3240522UG4934S0001YO,CL TOMAS CONDE,10  ,12  ,0,Blq:   Esc: T  Pl: OD  Pt: OD,14004,3116
3542707UG4934S,3542707UG4934S0003DA,CL CARDENAL HERRERO,6  ,0  ,0,Blq:   Esc: E  Pl: 01  Pt: 01,14003,790
3542708UG4934S,3542708UG4934S0001BO,CL CARDENAL HERRERO,8  ,0  ,0,Blq:   Esc: T  Pl: OD  Pt: OD,14003,713
3842324UG4934S,3842324UG4934S0001QO,CL REY HEREDIA,33  ,0  ,0,Blq:   Esc: T  Pl: OD  Pt: OD,14003,276
3441215UG4934S,3441215UG4934S0001HO,CL TOMAS CONDE,3  ,0  ,0,Blq:   Esc: T  Pl: OD  Pt: OD,14004,206
3441516UG4934S,3441516UG4934S0001FO,CL CARDENAL HERRERO,28  ,0  ,0,Blq:   Esc: T  Pl: OD  Pt: OD,14003,1330
3443840UG4934S,3443840UG4934S0001PO,CL CONDE Y LUQUE,8  ,0  ,0,Blq:   Esc: T  Pl: OD  Pt: OD,14003,822
3342525UG4934S,3342525UG4934S0001SO,CL ROMERO,18  ,0  ,0,Blq:   Esc: T  Pl: OD  Pt: OD,14003,336
3841611UG4934S,3841611UG4934S0001PO,CL CORREGIDOR LUIS CERDA,15  ,0  ,0,Blq:   Esc: T  Pl: OD  Pt: OD,14003,291
6153709UG4965S,6153709UG4965S0001WG,AV AZABACHE,5  M,0  ,0,Blq:   Esc: T  Pl: OD  Pt: OD,14014,1212
6252801UG4965S,6252801UG4965S0001DG,CL RUBI,1  I,4  I,0,Blq:   Esc: T  Pl: OD  Pt: OD,14014,2104
4122613UG4942S,4122613UG4942S0001OW,CR CASTRO,221  ,0  ,0,Blq:   Esc: T  Pl: OD  Pt: OD,14009,70
2918908UG4921N,2918908UG4921N0001MG,CL LIBERTADOR ANDRES STA CRU,3  A,0  ,0,Blq:   Esc: T  Pl: OD  Pt: OD,14013,1341
1445401UG4914N,1445401UG4914N0001AH,CL CAÑADA REAL,37  ,0  ,0,Blq:   Esc: T  Pl: OD  Pt: OD,14005,546
2552332UG4925S,2552332UG4925S0001MX,CL AL ANDALUS,13  ,0  ,0,Blq:   Esc: T  Pl: OD  Pt: OD,14006,662
9964303UG3996S,9964303UG3996S0001HO,CR SANTA MARIA DE TRASSIERRA,0  ,0  ,0,Blq:   Esc: T  Pl: OD  Pt: OD,00000,624
0591119UG3809S,0591119UG3809S0001GL,CL GONGORA,3  A,0  ,0,Blq:   Esc: T  Pl: OD  Pt: OD,14711,126
2072411UG4927S,2072411UG4927S0001WP,CL PARIS,0  ,0  ,0,Blq:   Esc: T  Pl: OD  Pt: OD,14012,9503
1770601UG4917S,1770601UG4917S0001YY,AV ARRUZAFA,37  ,0  ,0,Blq:   Esc: T  Pl: OD  Pt: OD,14012,14883
2773331UG4927S,2773331UG4927S0001RP,AV BRILLANTE,80  ,0  ,0,Blq:   Esc: T  Pl: OD  Pt: OD,14012,445
3963134UG4936S,3963134UG4936S0001IB,CL DON LOPE DE LOS RIOS,12  ,0  ,0,Blq:   Esc: E  Pl: 00  Pt: 00,14006,87
3963134UG4936S,3963134UG4936S0002OZ,CL DON LOPE DE LOS RIOS,12  ,0  ,0,Blq:   Esc: E  Pl: 00  Pt: 00,14006,87
2650705UG4925S,2650705UG4925S0020PS,CL BULEVAR HERNAN RUIZ,21  ,0  ,0,Blq:   Esc: E  Pl: 00  Pt: 00,14005,34
2650705UG4925S,2650705UG4925S0021AD,CL BULEVAR HERNAN RUIZ,21  ,0  ,0,Blq:   Esc: E  Pl: 00  Pt: 00,14005,27
2650705UG4925S,2650705UG4925S0022SF,CL BULEVAR HERNAN RUIZ,21  ,0  ,0,Blq:   Esc: E  Pl: 00  Pt: 00,14005,27
2650705UG4925S,2650705UG4925S0023DG,CL BULEVAR HERNAN RUIZ,21  ,0  ,0,Blq:   Esc: E  Pl: 00  Pt: 00,14005,27
2650705UG4925S,2650705UG4925S0024FH,CL BULEVAR HERNAN RUIZ,21  ,0  ,0,Blq:   Esc: E  Pl: 00  Pt: 00,14005,27
2650705UG4925S,2650705UG4925S0025GJ,CL BULEVAR HERNAN RUIZ,21  ,0  ,0,Blq:   Esc: E  Pl: 00  Pt: 00,14005,27
2650705UG4925S,2650705UG4925S0026HK,CL BULEVAR HERNAN RUIZ,21  ,0  ,0,Blq:   Esc: E  Pl: 00  Pt: 00,14005,27
2650705UG4925S,2650705UG4925S0027JL,CL BULEVAR HERNAN RUIZ,21  ,0  ,0,Blq:   Esc: E  Pl: 00  Pt: 00,14005,29
2650705UG4925S,2650705UG4925S0028KB,CL BULEVAR HERNAN RUIZ,21  ,0  ,0,Blq:   Esc: E  Pl: 00  Pt: 00,14005,36
2650705UG4925S,2650705UG4925S0029LZ,CL BULEVAR HERNAN RUIZ,21  ,0  ,0,Blq:   Esc: E  Pl: 00  Pt: 00,14005,27
2650705UG4925S,2650705UG4925S0030JL,CL BULEVAR HERNAN RUIZ,21  ,0  ,0,Blq:   Esc: E  Pl: 00  Pt: 00,14005,27
2650705UG4925S,2650705UG4925S0031KB,CL BULEVAR HERNAN RUIZ,21  ,0  ,0,Blq:   Esc: E  Pl: 00  Pt: 00,14005,29
4653714UG4945S,4653714UG4945S0001MU,CL MARIA AUXILIADORA,25  ,0  ,0,Blq:   Esc: T  Pl: OD  Pt: OD,14002,1410
4746216UG4944N,4746216UG4944N0001HT,CL AGUSTIN MORENO,0  ,0  ,0,Blq:   Esc: T  Pl: OD  Pt: OD,14002,828
4044512UG4944S,4044512UG4944S0001GD,PZ DE LAS CAÑAS,1  ,0  ,0,Blq:   Esc: T  Pl: OD  Pt: OD,14002,413
3944221UG4934S,3944221UG4934S0001KO,CL HUERTO SAN PEDRO EL REAL,12  ,0  ,0,Blq:   Esc: T  Pl: OD  Pt: OD,14003,481
3946223UG4934N,3946223UG4934N0001MQ,CL SAN FERNANDO,1  ,0  ,0,Blq:   Esc: T  Pl: OD  Pt: OD,14003,2353
3245416UG4934N,3245416UG4934N0001MQ,CL LOPE DE HOCES,14  ,0  ,0,Blq:   Esc: T  Pl: OD  Pt: OD,14003,2785
3649107UG4934N,3649107UG4934N0001FQ,CL SAN ZOILO,4  ,0  ,0,Blq:   Esc: T  Pl: OD  Pt: OD,14002,553
3740331UG4934S,3740331UG4934S0001SO,PZ SANTA CATALINA,1  ,0  ,0,Blq:   Esc: T  Pl: OD  Pt: OD,14003,597
3441532UG4934S,3441532UG4934S0001SO,CL CESPEDES,6  ,0  ,0,Blq:   Esc: T  Pl: OD  Pt: OD,14003,432
3441701UG4934S,3441701UG4934S0001YO,CL TORRIJOS,4  ,0  ,0,Blq:   Esc: T  Pl: OD  Pt: OD,14003,4261
3642737UG4934S,3642737UG4934S0001IO,CL ENCARNACION,15  ,0  ,0,Blq:   Esc: T  Pl: OD  Pt: OD,14003,372
3340506UG4934S,3340506UG4934S0001MO,CL TOMAS CONDE,11  ,0  ,0,Blq:   Esc: T  Pl: OD  Pt: OD,14004,273
3342531UG4934S,3342531UG4934S0001HO,CL ROMERO,32  ,0  ,0,Blq:   Esc: T  Pl: OD  Pt: OD,14003,256
4740901UG4944S,4740901UG4944S0026JO,AV COMPOSITOR RAFAEL CASTRO,1  ,0  ,0,Blq:   Esc: E  Pl: 00  Pt: 00,14003,290
4033948UG4943S,4033948UG4943S0001RL,CL TENERIFE,37  ,0  ,0,Blq:   Esc: T  Pl: OD  Pt: OD,14009,174
3155101UG4935N,3155101UG4935N0123AF,CL CECILIO VALVERDE MAZUELAS,1  ,0  ,0,Blq:   Esc: E  Pl: 00  Pt: 00,14006,66
3155101UG4935N,3155101UG4935N0133KZ,CL CECILIO VALVERDE MAZUELAS,1  ,0  ,0,Blq:   Esc: E  Pl: 00  Pt: 00,14006,104
14900A01300001,14900A013000010001GX, ,0  ,0  ,0,Blq:   Esc:   Pl:   Pt: ,14001,4563
1679528UG4917N,1679528UG4917N0001FZ,CL POETA ALONSO BONILLA,7  ,0  ,0,Blq:   Esc: T  Pl: OD  Pt: OD,14012,12125
3237208UG4933N,3237208UG4933N0001FU,CL ENMEDIO,13  ,0  ,0,Blq:   Esc: T  Pl: OD  Pt: OD,14004,588
1841601UG4914S,1841601UG4914S0001DQ,CL JOSE MARIA MARTORELL,12  ,0  ,0,Blq:   Esc: 1  Pl: 00  Pt: 00,14005,81
1841601UG4914S,1841601UG4914S0019TH,CL JOSE MARIA MARTORELL,12  ,0  ,0,Blq:   Esc: 8  Pl: 00  Pt: 00,14005,172
1841601UG4914S,1841601UG4914S0020EF,CL JOSE MARIA MARTORELL,12  ,0  ,0,Blq:   Esc: 8  Pl: 00  Pt: 00,14005,143
1841601UG4914S,1841601UG4914S0021RG,CL JOSE MARIA MARTORELL,12  ,0  ,0,Blq:   Esc: 1  Pl: 00  Pt: 00,14005,143
5252511UG4955S,5252511UG4955S0001TA,AV JESUS RESCATADO,30  ,0  ,0,Blq:   Esc: E  Pl: 00  Pt: 00,14007,178
4949802UG4944N,4949802UG4944N0045KF,AV BARCELONA,22  ,0  ,0,Blq:   Esc: E  Pl: 00  Pt: 00,14010,67
4949802UG4944N,4949802UG4944N0109BH,AV BARCELONA,22  ,0  ,0,Blq:   Esc: E  Pl: 00  Pt: 00,14010,90
4949802UG4944N,4949802UG4944N0110KF,AV BARCELONA,22  ,0  ,0,Blq:   Esc: E  Pl: 00  Pt: 00,14010,75
4949802UG4944N,4949802UG4944N0111LG,AV BARCELONA,22  ,0  ,0,Blq:   Esc: E  Pl: 00  Pt: 00,14010,233
5260101UG4956S,5260101UG4956S0001BT,AV CARLOS III,14  ,0  ,0,Blq:   Esc: E  Pl: 00  Pt: 00,14014,140
5260101UG4956S,5260101UG4956S0031KE,AV CARLOS III,14  ,0  ,0,Blq:   Esc: E  Pl: 00  Pt: 00,14014,30
3951936UG4935S,3951936UG4935S0001DE,CL ISABEL LOSA,8  ,0  ,0,Blq:   Esc: T  Pl: OD  Pt: OD,14001,910
3943801UG4934S,3943801UG4934S0001EO,PZ POTRO,15  ,0  ,0,Blq:   Esc: T  Pl: OD  Pt: OD,14002,270
3944222UG4934S,3944222UG4934S0001RO,CL SAN FERNANDO,51  ,0  ,0,Blq:   Esc: T  Pl: OD  Pt: OD,14003,815
3746611UG4934N,3746611UG4934N0001BQ,CL CONDE DE CARDENAS,9  ,0  ,0,Blq:   Esc: T  Pl: OD  Pt: OD,14002,374
3942237UG4934S,3942237UG4934S0001PO,CL CABEZAS,17  ,0  ,0,Blq:   Esc: T  Pl: OD  Pt: OD,14003,671
6251508UG4965S,6251508UG4965S0001DG,CL PLATINO,14  L,0  ,0,Blq:   Esc: T  Pl: OD  Pt: OD,14014,624
6351509UG4965S,6351509UG4965S0001FG,CL PLATINO,19  K,0  ,0,Blq:   Esc: E  Pl: 00  Pt: 00,14014,95
3734402UG4933S,3734402UG4933S0001TG,AV FRAY ALBINO,1  ,0  ,0,Blq:   Esc: T  Pl: OD  Pt: OD,14009,9882
4130401UG4943S,4130401UG4943S0001FL,CL ALGAZEL,2  ,0  ,0,Blq:   Esc: T  Pl: OD  Pt: OD,14009,300
4223218UG4942S,4223218UG4942S0001SW,CL ALFONSO ONCENO,19  ,0  ,0,Blq:   Esc: T  Pl: OD  Pt: OD,14009,75
2104303UG4920S,2104303UG4920S0001OY,AV AMARGACENA,9  A,0  ,0,Blq:   Esc: T  Pl: OD  Pt: OD,14013,472
1294616UG4919S,1294616UG4919S0001FJ,CR VILLAVICIOSA,0  ,0  ,5,Blq:   Esc: T  Pl: OD  Pt: OD,14012,7046
14900A07600014,14900A076000140001GT,CR MADRID NACIONAL IV,393  K,0  ,0,Blq:   Esc: T  Pl: OD  Pt: OD,14610,11740
14900A07509011,14900A075090110001GI, ,0  ,0  ,0,Blq:   Esc: T  Pl: OD  Pt: OD,14001,398
14900A07300034,14900A073000340001GJ,DS PENDOLILLAS,0  ,0  ,0,Blq:   Esc: T  Pl: OD  Pt: OD,14610,8712
4231227UG3943S,4231227UG3943S0001XU,UR LA GORGOJA,4  ,0  ,0,Blq:   Esc: 1  Pl: 01  Pt: 01,14005,2382
0490305UG3809S,0490305UG3809S0002BB,CL OSIO,3  ,0  ,0,Blq:   Esc: T  Pl: OD  Pt: OD,14711,159
2864304UG4926S,2864304UG4926S0001AH,AV BRILLANTE,81  ,0  ,0,Blq:   Esc: T  Pl: OD  Pt: OD,14012,1011
3277704UG4937N,3277704UG4937N0001MY,CL VILLANUEVA DEL DUQUE,1  A,0  ,0,Blq:   Esc: T  Pl: OD  Pt: OD,14012,850
4778010UH4047N,4778010UH4047N0001ME,CR GRANADA BADAJOZ,34  ,0  ,0,Blq:   Esc: T  Pl: OD  Pt: OD,14350,407
4972220UH4047S,4972220UH4047S0001WA,PZ DE ANDALUCIA,4  B,0  ,0,Blq:   Esc: T  Pl: OD  Pt: OD,14350,60
3352619UG4935S,3352619UG4935S0001QE,CL BENITO PEREZ GALDOS,6  ,0  ,0,Blq:   Esc: T  Pl: OD  Pt: OD,14001,1781
2850614UG4925S,2850614UG4925S0011GY,CL ANGEL GANIVET,1  ,0  ,0,Blq:   Esc: E  Pl: 00  Pt: 00,14011,32
2850614UG4925S,2850614UG4925S0012HU,CL ANGEL GANIVET,1  ,0  ,0,Blq:   Esc: E  Pl: 00  Pt: 00,14011,32
2850614UG4925S,2850614UG4925S0013JI,CL ANGEL GANIVET,1  ,0  ,0,Blq:   Esc: E  Pl: 00  Pt: 00,14011,32
2850614UG4925S,2850614UG4925S0014KO,CL ANGEL GANIVET,1  ,0  ,0,Blq:   Esc: E  Pl: 00  Pt: 00,14011,37
2850614UG4925S,2850614UG4925S0015LP,CL ANGEL GANIVET,1  ,0  ,0,Blq:   Esc: E  Pl: 00  Pt: 00,14011,32
2850614UG4925S,2850614UG4925S0016BA,CL ANGEL GANIVET,1  ,0  ,0,Blq:   Esc: E  Pl: 00  Pt: 00,14011,29
5453405UG4955S,5453405UG4955S0001OA,AV LIBIA,31  ,0  ,0,Blq:   Esc: T  Pl: OD  Pt: OD,14007,1203
5357230UG4955N,5357230UG4955N0001SE,CL SAGUNTO,32  ,0  ,0,Blq:   Esc: E  Pl: SM  Pt: SM,14007,148
4459421UG4945N,4459421UG4945N0001QX,CL VILLAHARTA,3  ,0  ,0,Blq:   Esc: T  Pl: OD  Pt: OD,14007,30
4452123UG4945S,4452123UG4945S0001KU,CL POZANCO,9  ,0  ,0,Blq:   Esc: T  Pl: OD  Pt: OD,14001,750
3948928UG4934N,3948928UG4934N0001FQ,CL ALFAROS,34  ,36  ,0,Blq:   Esc: T  Pl: OD  Pt: OD,14001,1054
4543122UG4944S,4543122UG4944S0001JD,CL RONDA DE LOS MARTIRES,3  ,0  ,0,Blq:   Esc: T  Pl: OD  Pt: OD,14002,279
4646501UG4944N,4646501UG4944N0001BT,CL CAMPO MADRE DIOS,2  ,0  ,0,Blq:   Esc: T  Pl: OD  Pt: OD,14002,347
3942621UG4934S,3942621UG4934S0002WP,CL LUCANO,1  ,0  ,0,Blq:   Esc: E  Pl: 01  Pt: 01,14003,140
3942621UG4934S,3942621UG4934S0003EA,CL LUCANO,1  ,0  ,0,Blq:   Esc: E  Pl: 01  Pt: 01,14003,150
3942621UG4934S,3942621UG4934S0004RS,CL LUCANO,1  ,0  ,0,Blq:   Esc: E  Pl: 02  Pt: 02,14003,140
3942621UG4934S,3942621UG4934S0005TD,CL LUCANO,1  ,0  ,0,Blq:   Esc: E  Pl: 02  Pt: 02,14003,150
3545120UG4934N,3545120UG4934N0002BW,CL BARROSO,4  ,0  ,0,Blq:   Esc: E  Pl: 00  Pt: 00,14003,211
3545120UG4934N,3545120UG4934N0003ZE,CL BARROSO,4  ,0  ,0,Blq:   Esc: E  Pl: 01  Pt: 01,14003,194
3545120UG4934N,3545120UG4934N0004XR,CL BARROSO,4  ,0  ,0,Blq:   Esc: E  Pl: 02  Pt: 02,14003,194
3545120UG4934N,3545120UG4934N0005MT,CL BARROSO,4  ,0  ,0,Blq:   Esc: E  Pl: 03  Pt: 03,14003,28
3545120UG4934N,3545120UG4934N0006QY,CL BARROSO,4  ,0  ,0,Blq:   Esc: E  Pl: 03  Pt: 03,14003,28
3847702UG4934N,3847702UG4934N0001DQ,CL MARIA CRISTINA,11  ,0  ,0,Blq:   Esc: E  Pl: 01  Pt: 01,14002,648
3446807UG4934N,3446807UG4934N0002ZW,CL CONDE DE GONDOMAR,11  Z,0  ,0,Blq:   Esc: E  Pl: 01  Pt: 01,14003,416
3342557UG4934S,3342557UG4934S0001SO,CL FERNANDEZ RUANO,11  ,0  ,0,Blq:   Esc: T  Pl: OD  Pt: OD,14003,539
3841908UG4934S,3841908UG4934S0001XO,CL CARA,12  ,0  ,0,Blq:   Esc: T  Pl: OD  Pt: OD,14003,291
3441204UG4934S,3441204UG4934S0001DO,CL ROMERO,1  ,0  ,0,Blq:   Esc: T  Pl: OD  Pt: OD,14003,425
3642736UG4934S,3642736UG4934S0001XO,CL ENCARNACION,17  ,0  ,0,Blq:   Esc: T  Pl: OD  Pt: OD,14003,757
3342534UG4934S,3342534UG4934S0001BO,CL ROMERO,38  ,0  ,0,Blq:   Esc: T  Pl: OD  Pt: OD,14003,176
3342543UG4934S,3342543UG4934S0007AG,CL ALMANZOR,18  ,0  ,0,Blq:   Esc: T  Pl: OD  Pt: OD,14003,620
3443806UG4934S,3443806UG4934S0001LO,CL BUEN PASTOR,11  ,0  ,0,Blq:   Esc: T  Pl: OD  Pt: OD,14003,841
4535201UG4943N,4535201UG4943N0001XA,AV ARCANGEL,0  ,0  ,0,Blq:   Esc: T  Pl: OD  Pt: OD,14010,324
3733728UG4933S,3733728UG4933S0001IG,AV DE CADIZ,43  A,0  ,0,Blq:   Esc: T  Pl: OD  Pt: OD,14009,93
4324105UG4942S,4324105UG4942S0001UW,CL POLA ARGENTARIA,8  ,0  ,0,Blq:   Esc: T  Pl: OD  Pt: OD,14009,124
4135611UG4943N,4135611UG4943N0001KA,CL ACERA GRANADA,3  D,0  ,0,Blq:   Esc: E  Pl: 00  Pt: 00,14009,78
1029802UG4912N,1029802UG4912N0001KT,CR AEROPUERTO,0  ,0  ,0,Blq:   Esc: T  Pl: OD  Pt: OD,14004,636
3225503UG4932N,3225503UG4932N0002YF,AV DE CADIZ,58  ,0  ,0,Blq:   Esc: E  Pl: 01  Pt: 01,14009,900
1308504UG3910N,1308504UG3910N0002KY,CL CAÑADA REAL SORIANA,223  ,0  ,0,Blq:   Esc: E  Pl: 01  Pt: 01,14710,352
3673312UG4937S,3673312UG4937S0001MF,CL ACADEMICO SARAZA,6  ,0  ,0,Blq:   Esc: T  Pl: OD  Pt: OD,14012,71
2644312UG4924S,2644312UG4924S0001WT,PZ COSTA SOL,2  ,0  ,0,Blq:   Esc: E  Pl: 00  Pt: 00,14005,180
5457506UG4955N,5457506UG4955N0001LE,CL SAN PERFECTO,16  ,0  ,0,Blq:   Esc: T  Pl: OD  Pt: OD,14007,116
4053205UG4945S,4053205UG4945S0001BU,CL MORISCOS,3  ,0  ,0,Blq:   Esc: T  Pl: OD  Pt: OD,14001,603
3945702UG4934N,3945702UG4934N0001KQ,CL SANCHEZ PEÑA,6  ,0  ,0,Blq:   Esc: T  Pl: OD  Pt: OD,14002,978
3946221UG4934N,3946221UG4934N0001TQ,CL SAN FERNANDO,7  ,0  ,0,Blq:   Esc: T  Pl: OD  Pt: OD,14003,275
4046851UG4944N,4046851UG4944N0001RT,CL RODRIGUEZ MARIN,26  ,0  ,0,Blq:   Esc: T  Pl: OD  Pt: OD,14002,220
3247602UG4934N,3247602UG4934N0001AQ,CL JOSE ZORRILLA,11  ,0  ,0,Blq:   Esc: T  Pl: OD  Pt: OD,14008,464
3841407UG4934S,3841407UG4934S0001HO,CL CORREGIDOR LUIS CERDA,30  ,0  ,0,Blq:   Esc: T  Pl: OD  Pt: OD,14003,215
3841501UG4934S,3841501UG4934S0001SO,CL HORNO DE PORRAS,1  ,0  ,0,Blq:   Esc: T  Pl: OD  Pt: OD,14003,393
3742804UG4934S,3742804UG4934S0001KO,CL REY HEREDIA,26  ,0  ,0,Blq:   Esc: T  Pl: OD  Pt: OD,14003,528
3832501UG4933S,3832501UG4933S0001TG,CR CASTRO,1  ,0  ,0,Blq:   Esc: T  Pl: OD  Pt: OD,14009,190
2510602UG4921S,2510602UG4921S0001KM,CL INGENIERO JUAN CIERVA,28  A,0  ,0,Blq:   Esc: T  Pl: OD  Pt: OD,14013,2848
1744502UG4914S,1744502UG4914S0001KQ,CL MARIANO DE CAVIA,11  ,0  ,0,Blq:   Esc: T  Pl: OD  Pt: OD,14005,245
0490311UG3809S,0490311UG3809S0001ML,CL FELEX RODRIGUEZ FUENTE,8  B,0  ,0,Blq:   Esc: T  Pl: OD  Pt: OD,14711,99
2472402UG4927S,2472402UG4927S0001IP,AV BRILLANTE,125  ,0  ,0,Blq:   Esc: T  Pl: OD  Pt: OD,14012,268
0977302UG4907N,0977302UG4907N0001OJ,CR ERMITAS,7  ,0  ,0,Blq:   Esc: T  Pl: OD  Pt: OD,14012,1271
3238305UG4933N,3238305UG4933N0001LU,CL SAN BASILIO,16  ,0  ,0,Blq:   Esc: T  Pl: OD  Pt: OD,14004,347
3252416UG4935S,3252416UG4935S0001BE,AV AMERICA,17  ,0  ,0,Blq:   Esc: T  Pl: OD  Pt: OD,14005,780
2447203UG4924N,2447203UG4924N0018SA,AV MEDINA AZAHARA,43  ,0  ,0,Blq:   Esc: E  Pl: EN  Pt: EN,14005,35
2447203UG4924N,2447203UG4924N0019DS,AV MEDINA AZAHARA,43  ,0  ,0,Blq:   Esc: E  Pl: EN  Pt: EN,14005,38
2447203UG4924N,2447203UG4924N0020AP,AV MEDINA AZAHARA,43  ,0  ,0,Blq:   Esc: E  Pl: EN  Pt: EN,14005,32
2447203UG4924N,2447203UG4924N0021SA,AV MEDINA AZAHARA,43  ,0  ,0,Blq:   Esc: E  Pl: EN  Pt: EN,14005,35
2447203UG4924N,2447203UG4924N0022DS,AV MEDINA AZAHARA,43  ,0  ,0,Blq:   Esc: E  Pl: EN  Pt: EN,14005,35
2447203UG4924N,2447203UG4924N0023FD,AV MEDINA AZAHARA,43  ,0  ,0,Blq:   Esc: E  Pl: EN  Pt: EN,14005,38
2447203UG4924N,2447203UG4924N0024GF,AV MEDINA AZAHARA,43  ,0  ,0,Blq:   Esc: E  Pl: EN  Pt: EN,14005,38
2447203UG4924N,2447203UG4924N0025HG,AV MEDINA AZAHARA,43  ,0  ,0,Blq:   Esc: E  Pl: EN  Pt: EN,14005,29
2447203UG4924N,2447203UG4924N0026JH,AV MEDINA AZAHARA,43  ,0  ,0,Blq:   Esc: E  Pl: 00  Pt: 00,14005,27
2447203UG4924N,2447203UG4924N0027KJ,AV MEDINA AZAHARA,43  ,0  ,0,Blq:   Esc: E  Pl: 00  Pt: 00,14005,29
2447203UG4924N,2447203UG4924N0028LK,AV MEDINA AZAHARA,43  ,0  ,0,Blq:   Esc: E  Pl: 00  Pt: 00,14005,27
2447203UG4924N,2447203UG4924N0029BL,AV MEDINA AZAHARA,43  ,0  ,0,Blq:   Esc: E  Pl: 00  Pt: 00,14005,32
2447203UG4924N,2447203UG4924N0030KJ,AV MEDINA AZAHARA,43  ,0  ,0,Blq:   Esc: E  Pl: 00  Pt: 00,14005,29
2447203UG4924N,2447203UG4924N0031LK,AV MEDINA AZAHARA,43  ,0  ,0,Blq:   Esc: E  Pl: 00  Pt: 00,14005,29
2447203UG4924N,2447203UG4924N0032BL,AV MEDINA AZAHARA,43  ,0  ,0,Blq:   Esc: E  Pl: 00  Pt: 00,14005,32
4667914UG4946N,4667914UG4946N0001JH,AV CHINALES,45  ,0  ,0,Blq:   Esc: T  Pl: OD  Pt: OD,14007,1278
4246430UG4944N,4246430UG4944N0001ZT,CL ALCANTARA,3  ,0  ,0,Blq:   Esc: E  Pl: 00  Pt: 00,14002,57
4246430UG4944N,4246430UG4944N0002XY,CL ALCANTARA,3  ,0  ,0,Blq:   Esc: E  Pl: 00  Pt: 00,14002,65
4246430UG4944N,4246430UG4944N0003MU,CL ALCANTARA,3  ,0  ,0,Blq:   Esc: E  Pl: 00  Pt: 00,14002,48
4246430UG4944N,4246430UG4944N0004QI,CL ALCANTARA,3  ,0  ,0,Blq:   Esc: E  Pl: 00  Pt: 00,14002,35
4246430UG4944N,4246430UG4944N0005WO,CL ALCANTARA,3  ,0  ,0,Blq:   Esc: E  Pl: 00  Pt: 00,14002,41
4246430UG4944N,4246430UG4944N0006EP,CL ALCANTARA,3  ,0  ,0,Blq:   Esc: E  Pl: 01  Pt: 01,14002,50
4246430UG4944N,4246430UG4944N0007RA,CL ALCANTARA,3  ,0  ,0,Blq:   Esc: E  Pl: 01  Pt: 01,14002,65
4246430UG4944N,4246430UG4944N0008TS,CL ALCANTARA,3  ,0  ,0,Blq:   Esc: E  Pl: 01  Pt: 01,14002,39
4246430UG4944N,4246430UG4944N0009YD,CL ALCANTARA,3  ,0  ,0,Blq:   Esc: E  Pl: 01  Pt: 01,14002,33
4246430UG4944N,4246430UG4944N0010RA,CL ALCANTARA,3  ,0  ,0,Blq:   Esc: E  Pl: 01  Pt: 01,14002,35
4246430UG4944N,4246430UG4944N0011TS,CL ALCANTARA,3  ,0  ,0,Blq:   Esc: E  Pl: 01  Pt: 01,14002,71
4042102UG4944S,4042102UG4944S0001KD,PS RIBERA,5  ,0  ,0,Blq:   Esc: T  Pl: OD  Pt: OD,14002,268
4042520UG4944S,4042520UG4944S0001RD,PS RIBERA,6  ,0  ,0,Blq:   Esc: T  Pl: OD  Pt: OD,14002,670
4046880UG4944N,4046880UG4944N0001MT,CL RODRIGUEZ MARIN,16  ,0  ,0,Blq:   Esc: T  Pl: OD  Pt: OD,14002,670
3946226UG4934N,3946226UG4934N0001RQ,CL DIARIO CORDOBA,13  ,0  ,0,Blq:   Esc: T  Pl: OD  Pt: OD,14002,1282
4143821UG4944S,4143821UG4944S0001XD,CL LINEROS,30  ,0  ,0,Blq:   Esc: T  Pl: OD  Pt: OD,14002,257
3750901UG4935S,3750901UG4935S0001BE,CL CONDE DE TORRES CABRERA,32  ,0  ,0,Blq:   Esc: T  Pl: OD  Pt: OD,14001,1806
3344102UG4934S,3344102UG4934S0001FO,CL HORNO DE LA TRINIDAD,7  ,0  ,0,Blq:   Esc: T  Pl: OD  Pt: OD,14003,324
3649104UG4934N,3649104UG4934N0001PQ,CL CONDE DE TORRES CABRERA,7  ,0  ,0,Blq:   Esc: T  Pl: OD  Pt: OD,14001,630
3841503UG4934S,3841503UG4934S0001UO,CL CORREGIDOR LUIS CERDA,10  ,0  ,0,Blq:   Esc: T  Pl: OD  Pt: OD,14003,227
3740328UG4934S,3740328UG4934S0001SO,CL MAGISTRAL GLEZ FRANCES,15  ,0  ,0,Blq:   Esc: T  Pl: OD  Pt: OD,14003,6685
3643104UG4934S,3643104UG4934S0001EO,CL REY HEREDIA,6  ,0  ,0,Blq:   Esc: T  Pl: OD  Pt: OD,14003,385
3639407UG4933N,3639407UG4933N0001FU,PZ CANONIGO TORRES MOLINA,1  ,0  ,0,Blq:   Esc: T  Pl: OD  Pt: OD,14003,1353
4227724UG4942N,4227724UG4942N0001PJ,CL CORREGIDOR ZAPATA,45  ,0  ,0,Blq:   Esc: T  Pl: OD  Pt: OD,14009,60
2554401UG4925S,2554401UG4925S0001MX,CL INGENIERO R ERASO BETELU,2  ,0  ,0,Blq:   Esc: E  Pl: 00  Pt: 00,14011,161
5990601UG5959S,5990601UG5959S0001BX,CR MADRID NACIONAL IV,388  C,0  ,0,Blq:   Esc: T  Pl: OD  Pt: OD,14610,8718
2953402UG4925S,2953402UG4925S0001KX,AV DE LA LIBERTAD,212  ,0  ,0,Blq:   Esc: T  Pl: OD  Pt: OD,14006,5000
3225513UG4932N,3225513UG4932N0001XD,AV DE CADIZ,78  ,0  ,0,Blq:   Esc: T  Pl: OD  Pt: OD,14013,4522
6110602UG3961S,6110602UG3961S0001PR,CL J PEREZ ZURITA(GOLONDRINA,3  ,0  ,0,Blq:   Esc: T  Pl: OD  Pt: OD,00000,118
6212504UG3961S,6212504UG3961S0001ER,PL IND QUINTOS(GOLONDRINA),2  ,0  ,0,Blq:   Esc: T  Pl: OD  Pt: OD,14012,186
3036921UG4933N,3036921UG4933N0001QU,CL POSTRERA,15  ,0  ,0,Blq:   Esc: T  Pl: OD  Pt: OD,14004,210
3239705UG4933N,3239705UG4933N0001JU,CL SAN BASILIO,2  ,0  ,0,Blq:   Esc: T  Pl: OD  Pt: OD,14004,330
3239709UG4933N,3239709UG4933N0001UU,CL SAN BASILIO,12  ,0  ,0,Blq:   Esc: T  Pl: OD  Pt: OD,14004,91
4147359UG4944N,4147359UG4944N0001UT,CL SAN PABLO,4  ,0  ,0,Blq:   Esc: E  Pl: 01  Pt: 01,14002,207
3943802UG4934S,3943802UG4934S0003FA,CL ROMERO BARROS,13  ,0  ,0,Blq:   Esc: E  Pl: 00  Pt: 00,14003,99
3943802UG4934S,3943802UG4934S0004GS,CL ROMERO BARROS,13  ,0  ,0,Blq:   Esc: E  Pl: 01  Pt: 01,14003,75
3943802UG4934S,3943802UG4934S0005HD,CL ROMERO BARROS,13  ,0  ,0,Blq:   Esc: E  Pl: 01  Pt: 01,14003,51
3943802UG4934S,3943802UG4934S0006JF,CL ROMERO BARROS,13  ,0  ,0,Blq:   Esc: E  Pl: 02  Pt: 02,14003,75
3943802UG4934S,3943802UG4934S0007KG,CL ROMERO BARROS,13  ,0  ,0,Blq:   Esc: E  Pl: 02  Pt: 02,14003,51
4143818UG4944S,4143818UG4944S0001XD,CL VINAGREROS,1  ,0  ,0,Blq:   Esc: T  Pl: OD  Pt: OD,14002,276
3942632UG4934S,3942632UG4934S0001RO,CL ROMERO BARROS,4  ,0  ,0,Blq:   Esc: T  Pl: OD  Pt: OD,14003,1596
3844452UG4934S,3844452UG4934S0001WO,CL JUNIO GALION,1  ,0  ,0,Blq:   Esc: T  Pl: OD  Pt: OD,14003,222
4143825UG4944S,4143825UG4944S0001SD,CL LINEROS,38  ,0  ,0,Blq:   Esc: T  Pl: OD  Pt: OD,14002,473
4248914UG4944N,4248914UG4944N0027RW,CL REALEJO,6  ,0  ,0,Blq:   Esc: E  Pl: 00  Pt: 00,14002,33
3546403UG4934N,3546403UG4934N0007SU,CL CONDE DE GONDOMAR,1  ,0  ,0,Blq:   Esc: E  Pl: 01  Pt: 01,14003,290
3546403UG4934N,3546403UG4934N0009FO,CL CONDE DE GONDOMAR,1  ,0  ,0,Blq:   Esc: E  Pl: 02  Pt: 02,14003,129
3546403UG4934N,3546403UG4934N0013GP,CL CONDE DE GONDOMAR,1  ,0  ,0,Blq:   Esc: E  Pl: 03  Pt: 03,14003,250
3546403UG4934N,3546403UG4934N0015JS,CL CONDE DE GONDOMAR,1  ,0  ,0,Blq:   Esc: E  Pl: 04  Pt: 04,14003,250
3546403UG4934N,3546403UG4934N0017LF,CL CONDE DE GONDOMAR,1  ,0  ,0,Blq:   Esc: E  Pl: 05  Pt: 05,14003,129
3548605UG4934N,3548605UG4934N0001LQ,CL SAN ALVARO,5  ,0  ,0,Blq:   Esc: T  Pl: OD  Pt: OD,14003,265
3246101UG4934N,3246101UG4934N0001MQ,CL EDUARDO DATO,9  ,0  ,0,Blq:   Esc: E  Pl: 00  Pt: 00,14003,139
3841616UG4934S,3841616UG4934S0001OO,CL CORREGIDOR LUIS CERDA,9  ,0  ,0,Blq:   Esc: T  Pl: OD  Pt: OD,14003,409
3441202UG4934S,3441202UG4934S0001KO,CL ROMERO,3  ,0  ,0,Blq:   Esc: T  Pl: OD  Pt: OD,14003,275
3841109UG4934S,3841109UG4934S0001XO,CL CORREGIDOR LUIS CERDA,51  ,0  ,0,Blq:   Esc: T  Pl: OD  Pt: OD,14003,286
3441523UG4934S,3441523UG4934S0003YA,CL CARDENAL HERRERO,12  ,0  ,0,Blq:   Esc: E  Pl: 00  Pt: 00,14003,364
3740319UG4934S,3740319UG4934S0001RO,CL CORREGIDOR LUIS CERDA,58  ,0  ,0,Blq:   Esc: T  Pl: OD  Pt: OD,14003,145
3643110UG4934S,3643110UG4934S0001UO,CL ENCARNACION,8  ,0  ,0,Blq:   Esc: T  Pl: OD  Pt: OD,14003,702
3342524UG4934S,3342524UG4934S0001EO,CL ROMERO,16  ,0  ,0,Blq:   Esc: T  Pl: OD  Pt: OD,14003,361
3240525UG4934S,3240525UG4934S0001PO,PZ CAMPO SANTOS MARTIRES,9  ,0  ,0,Blq:   Esc: T  Pl: OD  Pt: OD,14004,485
3441211UG4934S,3441211UG4934S0001EO,PZ JUDA LEVI,0  ,0  ,0,Blq:   Esc: T  Pl: OD  Pt: OD,14003,3236
3240524UG4934S,3240524UG4934S0001QO,PZ CAMPO SANTOS MARTIRES,10  ,0  ,0,Blq:   Esc: T  Pl: OD  Pt: OD,14004,570
6253216UG4965S,6253216UG4965S0001PG,CL DON TEODOMIRO,27  ,0  ,0,Blq:   Esc: T  Pl: OD  Pt: OD,14014,133
002400400UG59H,002400400UG59H0001SH,CR MADRID NACIONAL IV,0  ,0  ,385,Blq:   Esc: T  Pl: OD  Pt: OD,00000,198
1871206UG4817S,1871206UG4817S0001OQ,ED CAMPSA PUENTE V,1  ,0  ,0,Blq:   Esc: T  Pl: OD  Pt: OD,14010,1110
3256801UG4935N,3256801UG4935N0202QW,AV GRAN CAPITAN,45  ,0  ,0,Blq:   Esc: T  Pl: OD  Pt: OD,14001,20842
4428611UG3942N,4428611UG3942N0001BT,UR LA GORGOJA,1  A,0  ,0,Blq:   Esc: T  Pl: OD  Pt: OD,14005,3053
0462108UG4906S,0462108UG4906S0001SI,CR SANTA MARIA DE TRASSIERRA,3  A,0  ,0,Blq:   Esc: T  Pl: OD  Pt: OD,14011,2000
3161806UG4936S,3161806UG4936S0001AB,AV BRILLANTE,22  ,0  ,0,Blq:   Esc: T  Pl: OD  Pt: OD,14006,2139
2944208UG4924S,2944208UG4924S0001AT,CL CAMINO DE LOS SASTRES,4  ,0  ,0,Blq:   Esc: E  Pl: 00  Pt: 00,14004,100
2947201UG4924N,2947201UG4924N0001OB,AV MEDINA AZAHARA,7  Z,0  ,0,Blq:   Esc: T  Pl: OD  Pt: OD,14005,6680
5961406UG4956S,5961406UG4956S0001ET,CL ESCRITOR HOYOS NORIEGA,6  ,0  ,0,Blq:   Esc: E  Pl: 00  Pt: 00,14014,27
5961406UG4956S,5961406UG4956S0002RY,CL ESCRITOR HOYOS NORIEGA,6  ,0  ,0,Blq:   Esc: E  Pl: 00  Pt: 00,14014,25
5961406UG4956S,5961406UG4956S0003TU,CL ESCRITOR HOYOS NORIEGA,6  ,0  ,0,Blq:   Esc: E  Pl: 00  Pt: 00,14014,25
5961406UG4956S,5961406UG4956S0004YI,CL ESCRITOR HOYOS NORIEGA,6  ,0  ,0,Blq:   Esc: E  Pl: 00  Pt: 00,14014,25
5961406UG4956S,5961406UG4956S0005UO,CL ESCRITOR HOYOS NORIEGA,6  ,0  ,0,Blq:   Esc: E  Pl: 00  Pt: 00,14014,21
5961406UG4956S,5961406UG4956S0006IP,CL ESCRITOR HOYOS NORIEGA,6  ,0  ,0,Blq:   Esc: E  Pl: 00  Pt: 00,14014,23
5961406UG4956S,5961406UG4956S0007OA,CL ESCRITOR HOYOS NORIEGA,6  ,0  ,0,Blq:   Esc: E  Pl: 00  Pt: 00,14014,32
4049526UG4944N,4049526UG4944N0001QT,CL CONDE DE ARENALES,6  ,0  ,0,Blq:   Esc: T  Pl: OD  Pt: OD,14001,70
3948921UG4934N,3948921UG4934N0001BQ,CL ALFAROS,20  ,0  ,0,Blq:   Esc: T  Pl: OD  Pt: OD,14001,8922
4643903UG4944S,4643903UG4944S0001HD,CL AGUSTIN MORENO,46  ,0  ,0,Blq:   Esc: T  Pl: OD  Pt: OD,14002,319
4146814UG4944N,4146814UG4944N0001QT,CL PEDRO LOPEZ,20  ,0  ,0,Blq:   Esc: T  Pl: OD  Pt: OD,14002,335
4143822UG4944S,4143822UG4944S0001ID,CL LINEROS,32  ,0  ,0,Blq:   Esc: T  Pl: OD  Pt: OD,14002,1800
4147346UG4944N,4147346UG4944N0001OT,CL RODRIGUEZ MARIN,3  ,0  ,0,Blq:   Esc: T  Pl: OD  Pt: OD,14002,366
3942603UG4934S,3942603UG4934S0001IO,PZ POTRO,12  ,0  ,0,Blq:   Esc: T  Pl: OD  Pt: OD,14002,96
4746250UG4944N,4746250UG4944N0001UT,CL CAMPO MADRE DIOS,38  Z,0  ,0,Blq:   Esc: T  Pl: OD  Pt: OD,14002,534
3751301UG4935S,3751301UG4935S0016DG,PZ COLON,11  ,0  ,0,Blq:   Esc: E  Pl: 00  Pt: 00,14001,232
3841110UG4934S,3841110UG4934S0001RO,CL CORREGIDOR LUIS CERDA,49  ,0  ,0,Blq:   Esc: T  Pl: OD  Pt: OD,14003,81
3439417UG4933N,3439417UG4933N0001QU,CL MANRIQUEZ,3  ,0  ,0,Blq:   Esc: T  Pl: OD  Pt: OD,14003,995
3740306UG4934S,3740306UG4934S0002UP,CL MARTINEZ RUCKER,12  ,0  ,0,Blq:   Esc: E  Pl: 00  Pt: 00,14003,57
3740306UG4934S,3740306UG4934S0003IA,CL MARTINEZ RUCKER,12  ,0  ,0,Blq:   Esc: E  Pl: 00  Pt: 00,14003,50
3740306UG4934S,3740306UG4934S0007SG,CL MARTINEZ RUCKER,12  ,0  ,0,Blq:   Esc: E  Pl: 01  Pt: 01,14003,77
3740306UG4934S,3740306UG4934S0008DH,CL MARTINEZ RUCKER,12  ,0  ,0,Blq:   Esc: E  Pl: 01  Pt: 01,14003,72
3740906UG4934S,3740906UG4934S0001UO,CL CORREGIDOR LUIS CERDA,71  ,0  ,0,Blq:   Esc: T  Pl: OD  Pt: OD,14003,160
3743103UG4934S,3743103UG4934S0001OO,CL BATANEROS,6  ,0  ,0,Blq:   Esc: T  Pl: OD  Pt: OD,14003,282
3342536UG4934S,3342536UG4934S0001GO,CL ALMANZOR,4  ,0  ,0,Blq:   Esc: T  Pl: OD  Pt: OD,14003,268
3844461UG4934S,3844461UG4934S0001PO,CL AMBROSIO DE MORALES,11  ,0  ,0,Blq:   Esc: T  Pl: OD  Pt: OD,14003,1454
3441217UG4934S,3441217UG4934S0001AO,PZ MAIMONIDES,1  ,0  ,0,Blq:   Esc: T  Pl: OD  Pt: OD,14004,962
3639413UG4933N,3639413UG4933N0001KU,CL CORREGIDOR LUIS CERDA,83  ,0  ,0,Blq:   Esc: T  Pl: OD  Pt: OD,14003,1088
4327217UG4942N,4327217UG4942N0001GJ,CL SECUNDA ROMANA,114  ,0  ,0,Blq:   Esc: T  Pl: OD  Pt: OD,14009,68
2753721UG4925S,2753721UG4925S0001WX,CL PINTOR PEÑALOSA,4  ,0  ,0,Blq:   Esc: T  Pl: OD  Pt: OD,14011,72
1960801UG4916S,1960801UG4916S0079BM,CL MARIA LA JUDIA,18  ,0  ,0,Blq:   Esc: 01  Pl: 00  Pt: 00,14011,71
1960801UG4916S,1960801UG4916S0080KZ,CL MARIA LA JUDIA,18  ,0  ,0,Blq:   Esc: 01  Pl: 00  Pt: 00,14011,109
1744501UG4914S,1744501UG4914S0001OQ,CL MARIANO DE CAVIA,13  ,0  ,0,Blq:   Esc: T  Pl: OD  Pt: OD,14005,556
8635411UG3983N,8635411UG3983N0000ZF,CL COMPOSIT. MARIA ESCRIBANO,18  C,0  ,0,Blq:   Esc: T  Pl: OD  Pt: OD,14005,491
6109408UG3960N,6109408UG3960N0001BW,CL ESCULTOR F VAZQUEZ(GOLOND,2  A,0  ,0,Blq:   Esc: T  Pl: OD  Pt: OD,14002,73
3162204UG4936S,3162204UG4936S0001BB,AV BRILLANTE,26  ,0  ,0,Blq:   Esc: T  Pl: OD  Pt: OD,14012,1119
2872101UG4927S,2872101UG4927S0001QP,CL CARDENAL PORTOCARRERO,26  ,0  ,0,Blq:   Esc: T  Pl: OD  Pt: OD,14012,1292
3776705UG4937N,3776705UG4937N0001PY,CL PARROCO AGUSTIN MOLINA,33  ,0  ,0,Blq:   Esc: E  Pl: 00  Pt: 00,14012,14
3776705UG4937N,3776705UG4937N0002AU,CL PARROCO AGUSTIN MOLINA,33  ,0  ,0,Blq:   Esc: E  Pl: 00  Pt: 00,14012,14
2301602UH3020S,2301602UH3020S0001RP,UR LLANOS ARJONA,155  ,0  ,0,Blq:   Esc: T  Pl: OD  Pt: OD,14192,808
3136903UG4933N,3136903UG4933N0001MU,CL ENMEDIO,21  ,0  ,0,Blq:   Esc: T  Pl: OD  Pt: OD,14004,362
3252413UG4935S,3252413UG4935S0001HE,CL FERNANDO DE CORDOBA,10  ,0  ,0,Blq:   Esc: S  Pl: UE  Pt: UE,14008,4680
5255118UG4955N,5255118UG4955N0001ZE,CL JOAQUIN ALTOLAGUIRRE,26  ,0  ,0,Blq:   Esc: T  Pl: OD  Pt: OD,14007,128
5355619UG4955N,5355619UG4955N0001LE,AV RABANALES,20  ,0  ,0,Blq:   Esc: T  Pl: OD  Pt: OD,14007,48
4243224UG4944S,4243224UG4944S0002KF,PS RIBERA,19  ,0  ,0,Blq:   Esc: 1  Pl: 0  Pt: 0,14002,61
4243224UG4944S,4243224UG4944S0003LG,PS RIBERA,19  ,0  ,0,Blq:   Esc: 1  Pl: 1  Pt: 1,14002,56
4243224UG4944S,4243224UG4944S0004BH,PS RIBERA,19  ,0  ,0,Blq:   Esc: 1  Pl: 1  Pt: 1,14002,55
4243224UG4944S,4243224UG4944S0005ZJ,PS RIBERA,19  ,0  ,0,Blq:   Esc: 1  Pl: 1  Pt: 1,14002,55
4243224UG4944S,4243224UG4944S0006XK,PS RIBERA,19  ,0  ,0,Blq:   Esc: 1  Pl: 2  Pt: 2,14002,56
4243224UG4944S,4243224UG4944S0007ML,PS RIBERA,19  ,0  ,0,Blq:   Esc: 1  Pl: 2  Pt: 2,14002,55
4243224UG4944S,4243224UG4944S0008QB,PS RIBERA,19  ,0  ,0,Blq:   Esc: 1  Pl: 2  Pt: 2,14002,55
4243224UG4944S,4243224UG4944S1001GA,PS RIBERA,19  ,0  ,0,Blq:   Esc: 1  Pl: 0  Pt: 0,14002,85
4647802UG4944N,4647802UG4944N0001MT,CL RONDA DE ANDUJAR,6  ,0  ,0,Blq:   Esc: T  Pl: OD  Pt: OD,14002,128
4143809UG4944S,4143809UG4944S0001FD,CL BADANAS,13  ,0  ,0,Blq:   Esc: T  Pl: OD  Pt: OD,14002,655
3248809UG4934N,3248809UG4934N0001KQ,CL MENENDEZ Y PELAYO,8  ,0  ,0,Blq:   Esc: T  Pl: OD  Pt: OD,14008,460
3046690UG4934N,3046690UG4934N0001LQ,PS DE LA VICTORIA,0  ,0  ,0,Blq:   Esc: T  Pl: OD  Pt: OD,00000,1452
3240516UG4934S,3240516UG4934S0001WO,PZ MAIMONIDES,3  ,0  ,0,Blq:   Esc: T  Pl: OD  Pt: OD,14004,7960
3439411UG4933N,3439411UG4933N0001HU,CJ SALMOREJO CORDOBES,2  ,0  ,0,Blq:   Esc: T  Pl: OD  Pt: OD,14003,224
3441539UG4934S,3441539UG4934S0001YO,CL CONDE Y LUQUE,7  ,0  ,0,Blq:   Esc: T  Pl: OD  Pt: OD,14003,482
3642702UG4934S,3642702UG4934S0001RO,CL REY HEREDIA,12  ,0  ,0,Blq:   Esc: T  Pl: OD  Pt: OD,14003,417
3642714UG4934S,3642714UG4934S0001HO,CL MARTINEZ RUCKER,17  ,0  ,0,Blq:   Esc: T  Pl: OD  Pt: OD,14003,248
3639414UG4933N,3639414UG4933N0001RU,CL CORREGIDOR LUIS CERDA,79  ,0  ,0,Blq:   Esc: T  Pl: OD  Pt: OD,14003,880
5754203UG4955S,5754203UG4955S0001PA,AV LIBIA,1  3,0  ,0,Blq:   Esc: T  Pl: OD  Pt: OD,14010,431
2455903UG4925N,2455903UG4925N0001TF,CL ALFONSO VII,2  ,0  ,0,Blq:   Esc: T  Pl: OD  Pt: OD,14011,145
3060502UG4936S,3060502UG4936S0001SB,AV BRILLANTE,11  ,0  ,0,Blq:   Esc: T  Pl: OD  Pt: OD,14006,701
000900100UG39F,000900100UG39F0001OD,CR TRASSIERRA,0  ,0  ,3,Blq:   Esc: T  Pl: OD  Pt: OD,00000,2976
3356701UG4935N,3356701UG4935N0164UB,AV DE LA LIBERTAD,0  ,0  ,0,Blq:   Esc: 01  Pl: 00  Pt: 00,00000,178
3356701UG4935N,3356701UG4935N0173DE,AV DE LA LIBERTAD,0  ,0  ,0,Blq:   Esc: 02  Pl: 00  Pt: 00,00000,162
5975003UG5757N,5975003UG5757N0001GH,CR GRANADA,6  ,0  ,0,Blq:   Esc: T  Pl: OD  Pt: OD,14820,1024
2172805UG4927S,2172805UG4927S0001YP,AV ARRUZAFA,46  ,0  ,0,Blq:   Esc: T  Pl: OD  Pt: OD,14012,1234
5683101UG4958S,5683101UG4958S0001RH,UR COLINA,115  ,0  ,0,Blq:   Esc: T  Pl: OD  Pt: OD,14014,2553
3673311UG4937S,3673311UG4937S0001FF,CL ACADEMICO SARAZA,4  ,0  ,0,Blq:   Esc: E  Pl: 00  Pt: 00,14012,92
3338414UG4933N,3338414UG4933N0001MU,CL SAN BASILIO,1  ,0  ,0,Blq:   Esc: T  Pl: OD  Pt: OD,14004,248
5053730UG4955S,5053730UG4955S0002FS,AV VIÑUELA,5  ,0  ,0,Blq:   Esc: E  Pl: 00  Pt: 00,14010,248
4852507UG4945S,4852507UG4945S0004UP,PZ CRISTO DE GRACIA,7  ,0  ,0,Blq:   Esc: E  Pl: 00  Pt: 00,14002,227
3849619UG4934N,3849619UG4934N0001UQ,CL ALFAROS,31  ,0  ,0,Blq:   Esc: T  Pl: OD  Pt: OD,14001,110
4042526UG4944S,4042526UG4944S0001SD,CL LINEROS,6  ,0  ,0,Blq:   Esc: T  Pl: OD  Pt: OD,14002,263
3943812UG4934S,3943812UG4934S0001YO,CL SAN FRANCISCO,6  ,0  ,0,Blq:   Esc: T  Pl: OD  Pt: OD,14003,544
3942601UG4934S,3942601UG4934S0001DO,PZ POTRO,14  ,0  ,0,Blq:   Esc: T  Pl: OD  Pt: OD,14002,174
4143824UG4944S,4143824UG4944S0001ED,CL LINEROS,36  ,0  ,0,Blq:   Esc: T  Pl: OD  Pt: OD,14002,526
3247113UG4934N,3247113UG4934N0001JQ,CL EDUARDO DATO,7  ,0  ,0,Blq:   Esc: T  Pl: OD  Pt: OD,14003,3154
3844101UG4934S,3844101UG4934S0001AO,PZ SENECA,4  ,0  ,0,Blq:   Esc: T  Pl: OD  Pt: OD,14003,707
3441702UG4934S,3441702UG4934S0001GO,CL MANRIQUEZ,1  ,0  ,0,Blq:   Esc: E  Pl: 00  Pt: 00,14003,1105
3642708UG4934S,3642708UG4934S0001SO,CL OSIO,10  ,0  ,0,Blq:   Esc: T  Pl: OD  Pt: OD,14003,1208
3342514UG4934S,3342514UG4934S0001OO,CL DEANES,6  ,0  ,0,Blq:   Esc: T  Pl: OD  Pt: OD,14003,468
6254816UG4965S,6254816UG4965S0001HG,CL ACERA ARROYO,6  Z,0  ,0,Blq:   Esc: E  Pl: 00  Pt: 00,14014,67
6254816UG4965S,6254816UG4965S0002JH,CL ACERA ARROYO,6  Z,0  ,0,Blq:   Esc: E  Pl: 00  Pt: 00,14014,67
4130418UG4943S,4130418UG4943S0001WL,CL DOBLE CEPA,37  ,0  ,0,Blq:   Esc: T  Pl: OD  Pt: OD,14009,160
3098822UG5939N,3098822UG5939N0001LY,CR MADRID NACIONAL IV,120  ,0  ,0,Blq:   Esc: T  Pl: OD  Pt: OD,14610,1358
001100100UH40D,001100100UH40D0001RS,DS SIERRA,0  ,0  ,0,Blq:   Esc: T  Pl: OD  Pt: OD,00000,400
3225504UG4932N,3225504UG4932N0001FD,AV DE CADIZ,60  ,0  ,0,Blq:   Esc: T  Pl: OD  Pt: OD,14013,3764
6835901UG3963N,6835901UG3963N0001YU,CR PALMA DEL RIO,19  ,0  ,0,Blq:   Esc: T  Pl: OD  Pt: OD,14005,959
4882103UG4948S,4882103UG4948S0001AS,DS TORREBLANCA LA PONDEROSA,60  B,0  ,0,Blq:   Esc: T  Pl: OD  Pt: OD,14014,757
3238112UG4933N,3238112UG4933N0001QU,CL SAN BASILIO,19  ,0  ,0,Blq:   Esc: T  Pl: OD  Pt: OD,14004,366
3960402UG4936S,3960402UG4936S0001TB,AV ALMOGAVARES,36  ,0  ,0,Blq:   Esc: E  Pl: 00  Pt: 00,14006,43
3960402UG4936S,3960402UG4936S0002YZ,AV ALMOGAVARES,36  ,0  ,0,Blq:   Esc: E  Pl: 00  Pt: 00,14006,30
5355620UG4955N,5355620UG4955N0001QE,AV RABANALES,22  ,0  ,0,Blq:   Esc: T  Pl: OD  Pt: OD,14007,48
4356907UG4945N,4356907UG4945N0003DQ,AV OLLERIAS,45  ,0  ,0,Blq:   Esc: E  Pl: 00  Pt: 00,14001,876
4147345UG4944N,4147345UG4944N0002QY,CL RODRIGUEZ MARIN,5  ,0  ,0,Blq:   Esc: E  Pl: 00  Pt: 00,14002,458
4046875UG4944N,4046875UG4944N0001TT,CL FERNANDO COLON,5  ,0  ,0,Blq:   Esc: T  Pl: OD  Pt: OD,14002,868
3946202UG4934N,3946202UG4934N0001EQ,CL FERNANDO COLON,4  ,0  ,0,Blq:   Esc: T  Pl: OD  Pt: OD,14002,429
3944268UG4934S,3944268UG4934S0043KH,CL MAESE LUIS,20  ,0  ,0,Blq:   Esc: E  Pl: SM  Pt: SM,14003,31
3944268UG4934S,3944268UG4934S0044LJ,CL MAESE LUIS,20  ,0  ,0,Blq:   Esc: E  Pl: SM  Pt: SM,14003,31
3944268UG4934S,3944268UG4934S0045BK,CL MAESE LUIS,20  ,0  ,0,Blq:   Esc: E  Pl: SM  Pt: SM,14003,31
3944268UG4934S,3944268UG4934S0046ZL,CL MAESE LUIS,20  ,0  ,0,Blq:   Esc: E  Pl: SM  Pt: SM,14003,31
3944268UG4934S,3944268UG4934S0047XB,CL MAESE LUIS,20  ,0  ,0,Blq:   Esc: E  Pl: SM  Pt: SM,14003,31
3944268UG4934S,3944268UG4934S0048MZ,CL MAESE LUIS,20  ,0  ,0,Blq:   Esc: E  Pl: SM  Pt: SM,14003,31
3944268UG4934S,3944268UG4934S0049QX,CL MAESE LUIS,20  ,0  ,0,Blq:   Esc: E  Pl: SM  Pt: SM,14003,31
3944268UG4934S,3944268UG4934S0050XB,CL MAESE LUIS,20  ,0  ,0,Blq:   Esc: E  Pl: SM  Pt: SM,14003,31
3944268UG4934S,3944268UG4934S0051MZ,CL MAESE LUIS,20  ,0  ,0,Blq:   Esc: E  Pl: SM  Pt: SM,14003,31
3944268UG4934S,3944268UG4934S0052QX,CL MAESE LUIS,20  ,0  ,0,Blq:   Esc: E  Pl: SM  Pt: SM,14003,31
3944268UG4934S,3944268UG4934S0053WM,CL MAESE LUIS,20  ,0  ,0,Blq:   Esc: E  Pl: SM  Pt: SM,14003,32
3944268UG4934S,3944268UG4934S0054EQ,CL MAESE LUIS,20  ,0  ,0,Blq:   Esc: E  Pl: SM  Pt: SM,14003,30
3944268UG4934S,3944268UG4934S0055RW,CL MAESE LUIS,20  ,0  ,0,Blq:   Esc: E  Pl: SM  Pt: SM,14003,32
3944268UG4934S,3944268UG4934S0056TE,CL MAESE LUIS,20  ,0  ,0,Blq:   Esc: E  Pl: SM  Pt: SM,14003,36
3944268UG4934S,3944268UG4934S0057YR,CL MAESE LUIS,20  ,0  ,0,Blq:   Esc: E  Pl: SM  Pt: SM,14003,35
3944268UG4934S,3944268UG4934S0058UT,CL MAESE LUIS,20  ,0  ,0,Blq:   Esc: E  Pl: SM  Pt: SM,14003,29
3944268UG4934S,3944268UG4934S0059IY,CL MAESE LUIS,20  ,0  ,0,Blq:   Esc: E  Pl: SM  Pt: SM,14003,31
3944268UG4934S,3944268UG4934S0060YR,CL MAESE LUIS,20  ,0  ,0,Blq:   Esc: E  Pl: 01  Pt: 01,14003,31
3944268UG4934S,3944268UG4934S0061UT,CL MAESE LUIS,20  ,0  ,0,Blq:   Esc: E  Pl: 01  Pt: 01,14003,31
3944268UG4934S,3944268UG4934S0062IY,CL MAESE LUIS,20  ,0  ,0,Blq:   Esc: E  Pl: 01  Pt: 01,14003,31
3944268UG4934S,3944268UG4934S0063OU,CL MAESE LUIS,20  ,0  ,0,Blq:   Esc: E  Pl: 01  Pt: 01,14003,31
3944268UG4934S,3944268UG4934S0064PI,CL MAESE LUIS,20  ,0  ,0,Blq:   Esc: E  Pl: 01  Pt: 01,14003,31
3944268UG4934S,3944268UG4934S0065AO,CL MAESE LUIS,20  ,0  ,0,Blq:   Esc: E  Pl: 01  Pt: 01,14003,31
3944268UG4934S,3944268UG4934S0066SP,CL MAESE LUIS,20  ,0  ,0,Blq:   Esc: E  Pl: 01  Pt: 01,14003,31
3944268UG4934S,3944268UG4934S0067DA,CL MAESE LUIS,20  ,0  ,0,Blq:   Esc: E  Pl: 01  Pt: 01,14003,31
3944268UG4934S,3944268UG4934S0068FS,CL MAESE LUIS,20  ,0  ,0,Blq:   Esc: E  Pl: 01  Pt: 01,14003,31
3944268UG4934S,3944268UG4934S0069GD,CL MAESE LUIS,20  ,0  ,0,Blq:   Esc: E  Pl: 01  Pt: 01,14003,31
3944268UG4934S,3944268UG4934S0070DA,CL MAESE LUIS,20  ,0  ,0,Blq:   Esc: E  Pl: 01  Pt: 01,14003,32
3944268UG4934S,3944268UG4934S0071FS,CL MAESE LUIS,20  ,0  ,0,Blq:   Esc: E  Pl: 01  Pt: 01,14003,30
3944268UG4934S,3944268UG4934S0072GD,CL MAESE LUIS,20  ,0  ,0,Blq:   Esc: E  Pl: 01  Pt: 01,14003,32
3944268UG4934S,3944268UG4934S0073HF,CL MAESE LUIS,20  ,0  ,0,Blq:   Esc: E  Pl: 01  Pt: 01,14003,30
3944268UG4934S,3944268UG4934S0074JG,CL MAESE LUIS,20  ,0  ,0,Blq:   Esc: E  Pl: 01  Pt: 01,14003,30
3944268UG4934S,3944268UG4934S0075KH,CL MAESE LUIS,20  ,0  ,0,Blq:   Esc: E  Pl: 01  Pt: 01,14003,29
3944268UG4934S,3944268UG4934S0076LJ,CL MAESE LUIS,20  ,0  ,0,Blq:   Esc: E  Pl: 01  Pt: 01,14003,29
3944268UG4934S,3944268UG4934S0077BK,CL MAESE LUIS,20  ,0  ,0,Blq:   Esc: E  Pl: 01  Pt: 01,14003,31
3944268UG4934S,3944268UG4934S0078ZL,CL MAESE LUIS,20  ,0  ,0,Blq:   Esc: E  Pl: 02  Pt: 02,14003,33
3944268UG4934S,3944268UG4934S0079XB,CL MAESE LUIS,20  ,0  ,0,Blq:   Esc: E  Pl: 02  Pt: 02,14003,31
3944268UG4934S,3944268UG4934S0080BK,CL MAESE LUIS,20  ,0  ,0,Blq:   Esc: E  Pl: 02  Pt: 02,14003,31
3944268UG4934S,3944268UG4934S0081ZL,CL MAESE LUIS,20  ,0  ,0,Blq:   Esc: E  Pl: 02  Pt: 02,14003,31
3944268UG4934S,3944268UG4934S0082XB,CL MAESE LUIS,20  ,0  ,0,Blq:   Esc: E  Pl: 02  Pt: 02,14003,31
3944268UG4934S,3944268UG4934S0083MZ,CL MAESE LUIS,20  ,0  ,0,Blq:   Esc: E  Pl: 02  Pt: 02,14003,31
3944268UG4934S,3944268UG4934S0084QX,CL MAESE LUIS,20  ,0  ,0,Blq:   Esc: E  Pl: 02  Pt: 02,14003,31
3944268UG4934S,3944268UG4934S0085WM,CL MAESE LUIS,20  ,0  ,0,Blq:   Esc: E  Pl: 02  Pt: 02,14003,31
3944268UG4934S,3944268UG4934S0086EQ,CL MAESE LUIS,20  ,0  ,0,Blq:   Esc: E  Pl: 02  Pt: 02,14003,31
3944268UG4934S,3944268UG4934S0087RW,CL MAESE LUIS,20  ,0  ,0,Blq:   Esc: E  Pl: 02  Pt: 02,14003,31
3944268UG4934S,3944268UG4934S0088TE,CL MAESE LUIS,20  ,0  ,0,Blq:   Esc: E  Pl: 02  Pt: 02,14003,31
3944268UG4934S,3944268UG4934S0089YR,CL MAESE LUIS,20  ,0  ,0,Blq:   Esc: E  Pl: 02  Pt: 02,14003,31
3944268UG4934S,3944268UG4934S0090RW,CL MAESE LUIS,20  ,0  ,0,Blq:   Esc: E  Pl: 02  Pt: 02,14003,32
3944268UG4934S,3944268UG4934S0091TE,CL MAESE LUIS,20  ,0  ,0,Blq:   Esc: E  Pl: 02  Pt: 02,14003,30
3944268UG4934S,3944268UG4934S0092YR,CL MAESE LUIS,20  ,0  ,0,Blq:   Esc: E  Pl: 02  Pt: 02,14003,32
3944268UG4934S,3944268UG4934S0093UT,CL MAESE LUIS,20  ,0  ,0,Blq:   Esc: E  Pl: 02  Pt: 02,14003,30
3944268UG4934S,3944268UG4934S0094IY,CL MAESE LUIS,20  ,0  ,0,Blq:   Esc: E  Pl: 02  Pt: 02,14003,30
3944268UG4934S,3944268UG4934S0095OU,CL MAESE LUIS,20  ,0  ,0,Blq:   Esc: E  Pl: 02  Pt: 02,14003,30
3944268UG4934S,3944268UG4934S0096PI,CL MAESE LUIS,20  ,0  ,0,Blq:   Esc: E  Pl: 02  Pt: 02,14003,42
3944268UG4934S,3944268UG4934S0097AO,CL MAESE LUIS,20  ,0  ,0,Blq:   Esc: E  Pl: 02  Pt: 02,14003,29
3944268UG4934S,3944268UG4934S0098SP,CL MAESE LUIS,20  ,0  ,0,Blq:   Esc: E  Pl: 02  Pt: 02,14003,31
3747501UG4934N,3747501UG4934N0001RQ,CL GARCIA LOVERA,1  ,0  ,0,Blq:   Esc: T  Pl: OD  Pt: OD,14002,2925
3646203UG4934N,3646203UG4934N0001DQ,PZ TENDILLAS,3  ,0  ,0,Blq:   Esc: T  Pl: OD  Pt: OD,14002,2987
3245418UG4934N,3245418UG4934N0001KQ,CL EDUARDO DATO,15  ,0  ,0,Blq:   Esc: T  Pl: OD  Pt: OD,14003,1454
3342573UG4934S,3342573UG4934S0001PO,CL ROMERO,6  Z,0  ,0,Blq:   Esc: T  Pl: OD  Pt: OD,14003,156
3643125UG4934S,3643125UG4934S0003WA,CL VELAZQUEZ BOSCO,5  ,0  ,0,Blq:   Esc: T  Pl: OD  Pt: OD,14003,433
3439410UG4933N,3439410UG4933N0001UU,PZ CAMPO SANTOS MARTIRES,1  ,0  ,0,Blq:   Esc: E  Pl: 00  Pt: 00,14004,504
3742809UG4934S,3742809UG4934S0001JO,CL OSIO,5  ,0  ,0,Blq:   Esc: T  Pl: OD  Pt: OD,14003,413
5245103UG4954N,5245103UG4954N0001HO,CL FRANCISCO PIZARRO,4  1,0  ,0,Blq:   Esc: T  Pl: OD  Pt: OD,14010,92
4324809UG4942S,4324809UG4942S0001WW,CL ALFONSO ONCENO,6  ,0  ,0,Blq:   Esc: T  Pl: OD  Pt: OD,14009,93
3223501UG4932S,3223501UG4932S0001MZ,CL LIBERTADOR JOAQ J D SILVA,38  ,0  ,0,Blq:   Esc: 01  Pl: 00  Pt: 00,14013,4384
1956201UG4915N,1956201UG4915N0073IG,CL ISLA MENORCA,2  ,0  ,0,Blq:   Esc: E  Pl: 00  Pt: 00,14005,103
7260301UG4976S,7260301UG4976S0001ID,CR MADRID NACIONAL IV,398  ,0  ,398,Blq: KM  Esc: T  Pl: OD  Pt: OD,14610,11244
14900A03300033,14900A033000330001GW,CR GRANADA,0  ,0  ,0,Blq:   Esc: T  Pl: OD  Pt: OD,14009,5836
9142412UG3994S,9142412UG3994S0001SZ,CR PALMA DEL RIO,8  ,0  ,0,Blq:   Esc: T  Pl: OD  Pt: OD,14005,196
14900A01500011,14900A015000110001GM, ,0  ,0  ,0,Blq:   Esc:   Pl:   Pt: ,14001,384
4777303UH4047N,4777303UH4047N0001JE,CR GRANADA BADAJOZ,30  H,0  ,0,Blq:   Esc: T  Pl: OD  Pt: OD,14350,163
4369102UG3946N,4369102UG3946N0001UR,UR CRUCE,2  ,0  ,0,Blq:   Esc: T  Pl: OD  Pt: OD,00000,951
3251908UG4935S,3251908UG4935S0001DE,AV CERVANTES,14  ,0  ,0,Blq:   Esc: T  Pl: OD  Pt: OD,14008,1264
2237404UG4923N,2237404UG4923N0001LE,AV AEROPUERTO,37  ,0  ,0,Blq:   Esc: E  Pl: 00  Pt: 00,14004,25
2237404UG4923N,2237404UG4923N0002BR,AV AEROPUERTO,37  ,0  ,0,Blq:   Esc: E  Pl: 00  Pt: 00,14004,20
2237404UG4923N,2237404UG4923N0003ZT,AV AEROPUERTO,37  ,0  ,0,Blq:   Esc: E  Pl: 00  Pt: 00,14004,24
2237404UG4923N,2237404UG4923N0004XY,AV AEROPUERTO,37  ,0  ,0,Blq:   Esc: E  Pl: 00  Pt: 00,14004,20
2237404UG4923N,2237404UG4923N0005MU,AV AEROPUERTO,37  ,0  ,0,Blq:   Esc: E  Pl: 00  Pt: 00,14004,22
2237404UG4923N,2237404UG4923N0006QI,AV AEROPUERTO,37  ,0  ,0,Blq:   Esc: E  Pl: 00  Pt: 00,14004,22
2237404UG4923N,2237404UG4923N0007WO,AV AEROPUERTO,37  ,0  ,0,Blq:   Esc: E  Pl: 00  Pt: 00,14004,20
2237404UG4923N,2237404UG4923N0008EP,AV AEROPUERTO,37  ,0  ,0,Blq:   Esc: E  Pl: 00  Pt: 00,14004,20
2237404UG4923N,2237404UG4923N0009RA,AV AEROPUERTO,37  ,0  ,0,Blq:   Esc: E  Pl: 00  Pt: 00,14004,22
2237404UG4923N,2237404UG4923N0010WO,AV AEROPUERTO,37  ,0  ,0,Blq:   Esc: E  Pl: 00  Pt: 00,14004,22
2237404UG4923N,2237404UG4923N0011EP,AV AEROPUERTO,37  ,0  ,0,Blq:   Esc: E  Pl: 00  Pt: 00,14004,22
9709601UH3090N,9709601UH3090N0001WU,CR VILLAVICIOSA SIETE FINCAS,2  ,0  ,0,Blq:   Esc: T  Pl: OD  Pt: OD,14012,3245
